#
# TABLE STRUCTURE FOR: a_agendamentos
#

DROP TABLE IF EXISTS `a_agendamentos`;

CREATE TABLE `a_agendamentos` (
  `id_agenda` int(11) NOT NULL AUTO_INCREMENT,
  `titulo` varchar(150) NOT NULL,
  `id_espaco` int(11) NOT NULL,
  `data` date NOT NULL,
  `horas` varchar(50) NOT NULL,
  `horas_fim` varchar(50) NOT NULL,
  `id_recurso` int(11) NOT NULL,
  `q_recursos` int(11) NOT NULL,
  `obs` text NOT NULL,
  PRIMARY KEY (`id_agenda`)
) ENGINE=MyISAM AUTO_INCREMENT=10 DEFAULT CHARSET=latin1;

INSERT INTO `a_agendamentos` (`id_agenda`, `titulo`, `id_espaco`, `data`, `horas`, `horas_fim`, `id_recurso`, `q_recursos`, `obs`) VALUES ('1', 'teste', '1', '2018-06-25', '10:00', '11:00', '0', '0', '');
INSERT INTO `a_agendamentos` (`id_agenda`, `titulo`, `id_espaco`, `data`, `horas`, `horas_fim`, `id_recurso`, `q_recursos`, `obs`) VALUES ('2', 'teste 2', '2', '2018-07-26', '10:00', '11:00', '1', '2', '');
INSERT INTO `a_agendamentos` (`id_agenda`, `titulo`, `id_espaco`, `data`, `horas`, `horas_fim`, `id_recurso`, `q_recursos`, `obs`) VALUES ('3', 'teste', '1', '2018-06-26', '20:18', '21:47', '0', '0', '');
INSERT INTO `a_agendamentos` (`id_agenda`, `titulo`, `id_espaco`, `data`, `horas`, `horas_fim`, `id_recurso`, `q_recursos`, `obs`) VALUES ('4', 'teste', '1', '2018-06-26', '21:00', '22:00', '0', '0', '');
INSERT INTO `a_agendamentos` (`id_agenda`, `titulo`, `id_espaco`, `data`, `horas`, `horas_fim`, `id_recurso`, `q_recursos`, `obs`) VALUES ('5', 'teste 3', '1', '2018-06-26', '23:00', '23:30', '0', '0', '');
INSERT INTO `a_agendamentos` (`id_agenda`, `titulo`, `id_espaco`, `data`, `horas`, `horas_fim`, `id_recurso`, `q_recursos`, `obs`) VALUES ('6', 'teste', '1', '2018-07-26', '09:11', '10:00', '0', '0', '');
INSERT INTO `a_agendamentos` (`id_agenda`, `titulo`, `id_espaco`, `data`, `horas`, `horas_fim`, `id_recurso`, `q_recursos`, `obs`) VALUES ('7', 'teste', '1', '2018-08-24', '10:00', '10:00', '0', '0', '');
INSERT INTO `a_agendamentos` (`id_agenda`, `titulo`, `id_espaco`, `data`, `horas`, `horas_fim`, `id_recurso`, `q_recursos`, `obs`) VALUES ('8', 'tese', '1', '2018-09-28', '08:00', '08:30', '0', '0', '');
INSERT INTO `a_agendamentos` (`id_agenda`, `titulo`, `id_espaco`, `data`, `horas`, `horas_fim`, `id_recurso`, `q_recursos`, `obs`) VALUES ('9', 'teste', '1', '2018-07-26', '08:00', '07:00', '0', '0', '');


#
# TABLE STRUCTURE FOR: a_espacos
#

DROP TABLE IF EXISTS `a_espacos`;

CREATE TABLE `a_espacos` (
  `id_espaco` int(11) NOT NULL AUTO_INCREMENT,
  `nome_espaco` varchar(150) NOT NULL,
  PRIMARY KEY (`id_espaco`)
) ENGINE=MyISAM AUTO_INCREMENT=31 DEFAULT CHARSET=latin1;

INSERT INTO `a_espacos` (`id_espaco`, `nome_espaco`) VALUES ('3', 'Espaço Mandela\r\n');
INSERT INTO `a_espacos` (`id_espaco`, `nome_espaco`) VALUES ('4', 'Darcy Ribeiro');
INSERT INTO `a_espacos` (`id_espaco`, `nome_espaco`) VALUES ('5', 'Auditório');
INSERT INTO `a_espacos` (`id_espaco`, `nome_espaco`) VALUES ('2', 'Sala de Aula\r\n');
INSERT INTO `a_espacos` (`id_espaco`, `nome_espaco`) VALUES ('1', 'Laboratório de Informática\r\n');


#
# TABLE STRUCTURE FOR: a_recursos
#

DROP TABLE IF EXISTS `a_recursos`;

CREATE TABLE `a_recursos` (
  `id_recurso` int(11) NOT NULL AUTO_INCREMENT,
  `nome_recurso` varchar(100) NOT NULL,
  `qtd_recursos` int(11) NOT NULL,
  PRIMARY KEY (`id_recurso`)
) ENGINE=MyISAM AUTO_INCREMENT=5 DEFAULT CHARSET=latin1;

INSERT INTO `a_recursos` (`id_recurso`, `nome_recurso`, `qtd_recursos`) VALUES ('1', 'Microfone sem fio (kit com dois microfones)', '2');
INSERT INTO `a_recursos` (`id_recurso`, `nome_recurso`, `qtd_recursos`) VALUES ('2', 'Microfone com fio', '1');
INSERT INTO `a_recursos` (`id_recurso`, `nome_recurso`, `qtd_recursos`) VALUES ('3', 'Notebooks', '40');
INSERT INTO `a_recursos` (`id_recurso`, `nome_recurso`, `qtd_recursos`) VALUES ('4', 'Tablets', '40');


#
# TABLE STRUCTURE FOR: d_aps
#

DROP TABLE IF EXISTS `d_aps`;

CREATE TABLE `d_aps` (
  `id_ap` int(11) NOT NULL AUTO_INCREMENT,
  `ip_ap` varchar(15) NOT NULL,
  `local_ap` text NOT NULL,
  `ponto_ap` varchar(15) NOT NULL,
  `status_ap` int(11) NOT NULL,
  `ip_novo_ap` varchar(30) NOT NULL,
  `mac_ap` varchar(30) NOT NULL,
  `switch` varchar(30) NOT NULL,
  `porta` int(11) NOT NULL,
  `switch_local` varchar(20) NOT NULL,
  PRIMARY KEY (`id_ap`),
  UNIQUE KEY `ip_ap` (`ip_ap`)
) ENGINE=MyISAM AUTO_INCREMENT=28 DEFAULT CHARSET=latin1;

INSERT INTO `d_aps` (`id_ap`, `ip_ap`, `local_ap`, `ponto_ap`, `status_ap`, `ip_novo_ap`, `mac_ap`, `switch`, `porta`, `switch_local`) VALUES ('1', '10.24.1.15', '3° andar  Mandela', 'pt', '1', '', '', '', '0', '');
INSERT INTO `d_aps` (`id_ap`, `ip_ap`, `local_ap`, `ponto_ap`, `status_ap`, `ip_novo_ap`, `mac_ap`, `switch`, `porta`, `switch_local`) VALUES ('2', '10.24.0.20', 'Sala 360', 'pt', '1', '', '', '', '0', '');
INSERT INTO `d_aps` (`id_ap`, `ip_ap`, `local_ap`, `ponto_ap`, `status_ap`, `ip_novo_ap`, `mac_ap`, `switch`, `porta`, `switch_local`) VALUES ('3', '10.24.0.21', 'Sala 330', 'pt', '1', '', '', '', '0', '');
INSERT INTO `d_aps` (`id_ap`, `ip_ap`, `local_ap`, `ponto_ap`, `status_ap`, `ip_novo_ap`, `mac_ap`, `switch`, `porta`, `switch_local`) VALUES ('4', '10.24.0.36', 'Sala de Artes 230', 'pt', '1', '', '', '', '0', '');
INSERT INTO `d_aps` (`id_ap`, `ip_ap`, `local_ap`, `ponto_ap`, `status_ap`, `ip_novo_ap`, `mac_ap`, `switch`, `porta`, `switch_local`) VALUES ('5', '10.24.0.10', 'RH', 'pt', '1', '10.29.0.30', '0', '10.29.0.17', '0', 'cpd');
INSERT INTO `d_aps` (`id_ap`, `ip_ap`, `local_ap`, `ponto_ap`, `status_ap`, `ip_novo_ap`, `mac_ap`, `switch`, `porta`, `switch_local`) VALUES ('6', '10.24.1.11', 'Darcy Ribeiro', 'pt', '1', '', '', '', '0', '');
INSERT INTO `d_aps` (`id_ap`, `ip_ap`, `local_ap`, `ponto_ap`, `status_ap`, `ip_novo_ap`, `mac_ap`, `switch`, `porta`, `switch_local`) VALUES ('7', '10.24.0.14', 'Auditório', 'PT-2-2-032', '1', '', '', '', '0', '');
INSERT INTO `d_aps` (`id_ap`, `ip_ap`, `local_ap`, `ponto_ap`, `status_ap`, `ip_novo_ap`, `mac_ap`, `switch`, `porta`, `switch_local`) VALUES ('8', '10.24.0.50', 'Laboratório de Química', 'pt', '1', '', '', '', '0', '');
INSERT INTO `d_aps` (`id_ap`, `ip_ap`, `local_ap`, `ponto_ap`, `status_ap`, `ip_novo_ap`, `mac_ap`, `switch`, `porta`, `switch_local`) VALUES ('9', '10.24.0.11', 'Amplus', 'pt', '1', '', '', '', '0', '');
INSERT INTO `d_aps` (`id_ap`, `ip_ap`, `local_ap`, `ponto_ap`, `status_ap`, `ip_novo_ap`, `mac_ap`, `switch`, `porta`, `switch_local`) VALUES ('10', '10.24.0.12', 'Gestor Financeiro', 'pt', '1', '', '', '', '0', '');
INSERT INTO `d_aps` (`id_ap`, `ip_ap`, `local_ap`, `ponto_ap`, `status_ap`, `ip_novo_ap`, `mac_ap`, `switch`, `porta`, `switch_local`) VALUES ('11', '10.24.0.13', 'Comunicação', 'pt', '1', '', '', '', '0', '');
INSERT INTO `d_aps` (`id_ap`, `ip_ap`, `local_ap`, `ponto_ap`, `status_ap`, `ip_novo_ap`, `mac_ap`, `switch`, `porta`, `switch_local`) VALUES ('12', '10.24.0.21k', 'Corredor Infantil 2° Andar', 'pt-2-2-137', '1', '10.29.0.35', '6c:aa:', '10.29.0.18', '22', 'Preencher ');
INSERT INTO `d_aps` (`id_ap`, `ip_ap`, `local_ap`, `ponto_ap`, `status_ap`, `ip_novo_ap`, `mac_ap`, `switch`, `porta`, `switch_local`) VALUES ('13', '10.24.1.10', 'Biblioteca', 'pt', '1', '', '', '', '0', '');
INSERT INTO `d_aps` (`id_ap`, `ip_ap`, `local_ap`, `ponto_ap`, `status_ap`, `ip_novo_ap`, `mac_ap`, `switch`, `porta`, `switch_local`) VALUES ('14', '10.24.1.12', 'Segundo Andar Ensino Médio | MEIO', 'pt', '1', '', '', '', '0', '');
INSERT INTO `d_aps` (`id_ap`, `ip_ap`, `local_ap`, `ponto_ap`, `status_ap`, `ip_novo_ap`, `mac_ap`, `switch`, `porta`, `switch_local`) VALUES ('15', '10.24.1.13', 'Detec', 'pt', '1', '', '', '', '0', '');
INSERT INTO `d_aps` (`id_ap`, `ip_ap`, `local_ap`, `ponto_ap`, `status_ap`, `ip_novo_ap`, `mac_ap`, `switch`, `porta`, `switch_local`) VALUES ('16', '10.24.1.14', 'Escada de Vidro 1° Andar Fund. I', 'pt', '1', '', '', '', '0', '');
INSERT INTO `d_aps` (`id_ap`, `ip_ap`, `local_ap`, `ponto_ap`, `status_ap`, `ip_novo_ap`, `mac_ap`, `switch`, `porta`, `switch_local`) VALUES ('17', '10.24.0.30', 'Gestor Pedagógico', 'pt', '1', '', '', '', '0', '');
INSERT INTO `d_aps` (`id_ap`, `ip_ap`, `local_ap`, `ponto_ap`, `status_ap`, `ip_novo_ap`, `mac_ap`, `switch`, `porta`, `switch_local`) VALUES ('18', '10.24.0.31', 'Supervisão Ensino FUND. I', 'pt', '1', '', '', '', '0', '');
INSERT INTO `d_aps` (`id_ap`, `ip_ap`, `local_ap`, `ponto_ap`, `status_ap`, `ip_novo_ap`, `mac_ap`, `switch`, `porta`, `switch_local`) VALUES ('19', '10.24.0.32', 'Sala dos Professores', 'pt', '1', '', '', '', '0', '');
INSERT INTO `d_aps` (`id_ap`, `ip_ap`, `local_ap`, `ponto_ap`, `status_ap`, `ip_novo_ap`, `mac_ap`, `switch`, `porta`, `switch_local`) VALUES ('20', '10.24.0.33', 'Vivencia 2', 'pt', '1', '', '', '', '0', '');
INSERT INTO `d_aps` (`id_ap`, `ip_ap`, `local_ap`, `ponto_ap`, `status_ap`, `ip_novo_ap`, `mac_ap`, `switch`, `porta`, `switch_local`) VALUES ('21', '10.24.0.34', 'Depas', 'pt', '1', '', '', '', '0', '');
INSERT INTO `d_aps` (`id_ap`, `ip_ap`, `local_ap`, `ponto_ap`, `status_ap`, `ip_novo_ap`, `mac_ap`, `switch`, `porta`, `switch_local`) VALUES ('22', '10.24.0.35', 'Laboratório de Física', 'pt', '1', '', '', '', '0', '');
INSERT INTO `d_aps` (`id_ap`, `ip_ap`, `local_ap`, `ponto_ap`, `status_ap`, `ip_novo_ap`, `mac_ap`, `switch`, `porta`, `switch_local`) VALUES ('23', '10.24.1.20', 'Quadra coberta', 'pt-01-3-079', '1', '', '', '', '0', '');
INSERT INTO `d_aps` (`id_ap`, `ip_ap`, `local_ap`, `ponto_ap`, `status_ap`, `ip_novo_ap`, `mac_ap`, `switch`, `porta`, `switch_local`) VALUES ('24', '10.24.0.37', 'Diretora', 'pt', '1', '', '', '', '0', '');
INSERT INTO `d_aps` (`id_ap`, `ip_ap`, `local_ap`, `ponto_ap`, `status_ap`, `ip_novo_ap`, `mac_ap`, `switch`, `porta`, `switch_local`) VALUES ('25', '10.24.1.18', 'sala 143', 'pt', '1', '', '', '', '0', '');
INSERT INTO `d_aps` (`id_ap`, `ip_ap`, `local_ap`, `ponto_ap`, `status_ap`, `ip_novo_ap`, `mac_ap`, `switch`, `porta`, `switch_local`) VALUES ('26', 'teste', 'teste', 'teste', '1', '', '', '', '0', '');
INSERT INTO `d_aps` (`id_ap`, `ip_ap`, `local_ap`, `ponto_ap`, `status_ap`, `ip_novo_ap`, `mac_ap`, `switch`, `porta`, `switch_local`) VALUES ('27', 'TESTE123', 'TESTE', 'TESTE', '1', 'TESTE', 'TESTE', 'TESTE', '0', 'TESTE');


#
# TABLE STRUCTURE FOR: d_chamados
#

DROP TABLE IF EXISTS `d_chamados`;

CREATE TABLE `d_chamados` (
  `id` int(11) NOT NULL AUTO_INCREMENT,
  `obs` text NOT NULL,
  `data` date NOT NULL,
  `horas` time NOT NULL,
  `id_sala` int(11) NOT NULL,
  `id_usuario` int(11) NOT NULL,
  `status` int(11) NOT NULL,
  `datares` date NOT NULL,
  `horasres` time NOT NULL,
  `id_usuariores` int(11) NOT NULL,
  `solucao` text NOT NULL,
  PRIMARY KEY (`id`)
) ENGINE=InnoDB AUTO_INCREMENT=318 DEFAULT CHARSET=latin1;

INSERT INTO `d_chamados` (`id`, `obs`, `data`, `horas`, `id_sala`, `id_usuario`, `status`, `datares`, `horasres`, `id_usuariores`, `solucao`) VALUES ('1', 'precisa do adaptador para funcionar o som', '2017-08-03', '21:53:02', '5', '1', '1', '2017-08-30', '18:14:12', '2', 'ok');
INSERT INTO `d_chamados` (`id`, `obs`, `data`, `horas`, `id_sala`, `id_usuario`, `status`, `datares`, `horasres`, `id_usuariores`, `solucao`) VALUES ('2', 'colocar fechadura no armario', '2017-08-03', '21:53:02', '8', '1', '1', '2017-09-13', '15:11:30', '2', 'ok');
INSERT INTO `d_chamados` (`id`, `obs`, `data`, `horas`, `id_sala`, `id_usuario`, `status`, `datares`, `horasres`, `id_usuariores`, `solucao`) VALUES ('3', 'Sem o adaptador o som funciona com mal contato', '2017-08-03', '21:53:02', '13', '1', '1', '2017-12-22', '18:33:00', '2', 'ok');
INSERT INTO `d_chamados` (`id`, `obs`, `data`, `horas`, `id_sala`, `id_usuario`, `status`, `datares`, `horasres`, `id_usuariores`, `solucao`) VALUES ('4', 'Trocar o filtro do projetor - model: epson PoweLite S8+	', '2017-08-03', '21:53:02', '14', '1', '1', '2018-01-31', '15:16:00', '2', 'ok');
INSERT INTO `d_chamados` (`id`, `obs`, `data`, `horas`, `id_sala`, `id_usuario`, `status`, `datares`, `horasres`, `id_usuariores`, `solucao`) VALUES ('5', 'VERIFICAR FILTRO DE AR', '2017-08-03', '21:53:02', '17', '1', '1', '2018-01-31', '15:15:00', '2', 'ok');
INSERT INTO `d_chamados` (`id`, `obs`, `data`, `horas`, `id_sala`, `id_usuario`, `status`, `datares`, `horasres`, `id_usuariores`, `solucao`) VALUES ('6', 'Trocar o filtro do projetor', '2017-08-03', '21:53:02', '18', '1', '1', '2018-01-31', '15:16:00', '2', 'ok');
INSERT INTO `d_chamados` (`id`, `obs`, `data`, `horas`, `id_sala`, `id_usuario`, `status`, `datares`, `horasres`, `id_usuariores`, `solucao`) VALUES ('7', 'Trocar o filtro do projetor - model: epson PoweLite S8+	', '2017-08-03', '21:53:02', '22', '1', '1', '2018-01-31', '15:16:00', '2', 'ok');
INSERT INTO `d_chamados` (`id`, `obs`, `data`, `horas`, `id_sala`, `id_usuario`, `status`, `datares`, `horasres`, `id_usuariores`, `solucao`) VALUES ('8', 'precisa do adaptador para funcionar o som', '2017-08-03', '21:53:02', '25', '1', '1', '2017-08-29', '21:08:40', '2', 'ok');
INSERT INTO `d_chamados` (`id`, `obs`, `data`, `horas`, `id_sala`, `id_usuario`, `status`, `datares`, `horasres`, `id_usuariores`, `solucao`) VALUES ('9', 'Backup dos Arquivos', '2017-08-04', '14:12:25', '39', '1', '1', '2017-08-07', '15:03:36', '2', 'ok');
INSERT INTO `d_chamados` (`id`, `obs`, `data`, `horas`, `id_sala`, `id_usuario`, `status`, `datares`, `horasres`, `id_usuariores`, `solucao`) VALUES ('11', 'Nc não liga', '2017-08-04', '15:16:09', '40', '1', '1', '2017-08-04', '16:00:16', '1', 'ok');
INSERT INTO `d_chamados` (`id`, `obs`, `data`, `horas`, `id_sala`, `id_usuario`, `status`, `datares`, `horasres`, `id_usuariores`, `solucao`) VALUES ('12', 'Ajustar projetor', '2017-08-04', '15:55:35', '40', '1', '1', '2017-08-04', '14:00:00', '1', 'ok');
INSERT INTO `d_chamados` (`id`, `obs`, `data`, `horas`, `id_sala`, `id_usuario`, `status`, `datares`, `horasres`, `id_usuariores`, `solucao`) VALUES ('14', 'PC travou no boot', '2017-08-07', '14:02:26', '6', '2', '1', '2017-08-07', '14:03:03', '2', 'ok');
INSERT INTO `d_chamados` (`id`, `obs`, `data`, `horas`, `id_sala`, `id_usuario`, `status`, `datares`, `horasres`, `id_usuariores`, `solucao`) VALUES ('15', 'Sem internet', '2017-08-07', '14:02:36', '6', '2', '1', '2017-08-07', '14:02:46', '2', 'ok');
INSERT INTO `d_chamados` (`id`, `obs`, `data`, `horas`, `id_sala`, `id_usuario`, `status`, `datares`, `horasres`, `id_usuariores`, `solucao`) VALUES ('16', 'Trocar computador', '2017-08-07', '15:05:08', '39', '2', '1', '2017-08-23', '17:53:08', '2', 'ok');
INSERT INTO `d_chamados` (`id`, `obs`, `data`, `horas`, `id_sala`, `id_usuario`, `status`, `datares`, `horasres`, `id_usuariores`, `solucao`) VALUES ('17', 'Trocar tomada do som', '2017-08-08', '20:18:42', '25', '2', '1', '2017-08-30', '20:02:33', '2', 'ok');
INSERT INTO `d_chamados` (`id`, `obs`, `data`, `horas`, `id_sala`, `id_usuario`, `status`, `datares`, `horasres`, `id_usuariores`, `solucao`) VALUES ('18', 'O som precisa de adaptador para funcionar', '2017-08-09', '18:43:15', '24', '2', '1', '2017-08-10', '13:40:10', '2', 'ok');
INSERT INTO `d_chamados` (`id`, `obs`, `data`, `horas`, `id_sala`, `id_usuario`, `status`, `datares`, `horasres`, `id_usuariores`, `solucao`) VALUES ('19', 'Teclado e mouse trocados', '2017-08-09', '18:43:43', '24', '2', '1', '2017-08-10', '13:39:51', '2', 'ok');
INSERT INTO `d_chamados` (`id`, `obs`, `data`, `horas`, `id_sala`, `id_usuario`, `status`, `datares`, `horasres`, `id_usuariores`, `solucao`) VALUES ('20', 'Trocar tomadas', '2017-08-10', '15:29:41', '11', '2', '1', '2017-08-25', '15:12:58', '2', 'ok');
INSERT INTO `d_chamados` (`id`, `obs`, `data`, `horas`, `id_sala`, `id_usuario`, `status`, `datares`, `horasres`, `id_usuariores`, `solucao`) VALUES ('21', 'PC não  liga', '2017-08-10', '19:46:15', '31', '1', '1', '2017-08-14', '13:18:15', '2', 'ok');
INSERT INTO `d_chamados` (`id`, `obs`, `data`, `horas`, `id_sala`, `id_usuario`, `status`, `datares`, `horasres`, `id_usuariores`, `solucao`) VALUES ('22', 'Precisa de adaptador para funcionar o som', '2017-08-11', '13:30:43', '1', '2', '1', '2017-08-11', '13:30:55', '2', 'ok');
INSERT INTO `d_chamados` (`id`, `obs`, `data`, `horas`, `id_sala`, `id_usuario`, `status`, `datares`, `horasres`, `id_usuariores`, `solucao`) VALUES ('23', 'Tela danificada', '2017-08-14', '13:19:20', '8', '2', '1', '2017-08-14', '14:47:30', '2', 'ok');
INSERT INTO `d_chamados` (`id`, `obs`, `data`, `horas`, `id_sala`, `id_usuario`, `status`, `datares`, `horasres`, `id_usuariores`, `solucao`) VALUES ('25', 'Formatar', '2017-08-21', '14:50:43', '6', '2', '1', '2017-08-22', '08:00:00', '2', 'ok');
INSERT INTO `d_chamados` (`id`, `obs`, `data`, `horas`, `id_sala`, `id_usuario`, `status`, `datares`, `horasres`, `id_usuariores`, `solucao`) VALUES ('26', 'Troca do Cabo de rede', '2017-08-21', '18:37:00', '20', '2', '1', '2017-08-21', '18:37:16', '2', 'ok');
INSERT INTO `d_chamados` (`id`, `obs`, `data`, `horas`, `id_sala`, `id_usuario`, `status`, `datares`, `horasres`, `id_usuariores`, `solucao`) VALUES ('27', 'Projetor sobreaquecido.', '2017-08-21', '18:42:17', '20', '2', '1', '2018-04-10', '19:19:00', '2', 'ok');
INSERT INTO `d_chamados` (`id`, `obs`, `data`, `horas`, `id_sala`, `id_usuario`, `status`, `datares`, `horasres`, `id_usuariores`, `solucao`) VALUES ('28', 'Precisa do adaptador para funcionar o áudio', '2017-08-21', '19:30:41', '16', '2', '1', '2017-12-22', '18:36:00', '2', 'ok');
INSERT INTO `d_chamados` (`id`, `obs`, `data`, `horas`, `id_sala`, `id_usuario`, `status`, `datares`, `horasres`, `id_usuariores`, `solucao`) VALUES ('29', 'Não acessa a pasta SALA DE AULA', '2017-08-21', '20:00:28', '15', '2', '1', '2017-08-23', '17:53:43', '2', 'ok');
INSERT INTO `d_chamados` (`id`, `obs`, `data`, `horas`, `id_sala`, `id_usuario`, `status`, `datares`, `horasres`, `id_usuariores`, `solucao`) VALUES ('30', 'Configurar porta de rede', '2017-08-24', '21:40:53', '43', '2', '1', '2017-08-25', '13:56:04', '2', 'ok');
INSERT INTO `d_chamados` (`id`, `obs`, `data`, `horas`, `id_sala`, `id_usuario`, `status`, `datares`, `horasres`, `id_usuariores`, `solucao`) VALUES ('31', 'Colocar extensor usb', '2017-08-25', '15:18:27', '11', '2', '1', '2017-08-25', '15:20:17', '2', 'ok');
INSERT INTO `d_chamados` (`id`, `obs`, `data`, `horas`, `id_sala`, `id_usuario`, `status`, `datares`, `horasres`, `id_usuariores`, `solucao`) VALUES ('32', 'Colocar fechadura no armário.', '2017-08-25', '15:19:16', '11', '2', '1', '2017-09-13', '15:11:16', '2', 'ok');
INSERT INTO `d_chamados` (`id`, `obs`, `data`, `horas`, `id_sala`, `id_usuario`, `status`, `datares`, `horasres`, `id_usuariores`, `solucao`) VALUES ('34', 'Não acessa nenhum site e aparece a mensagem igual quando o pc esta com data errada.', '2017-08-28', '21:32:54', '44', '2', '1', '2017-08-29', '18:52:47', '2', 'ok');
INSERT INTO `d_chamados` (`id`, `obs`, `data`, `horas`, `id_sala`, `id_usuario`, `status`, `datares`, `horasres`, `id_usuariores`, `solucao`) VALUES ('35', 'Som chiando mesmo com o adaptador', '2017-08-29', '21:08:18', '25', '2', '1', '2017-08-29', '21:08:30', '2', 'ok');
INSERT INTO `d_chamados` (`id`, `obs`, `data`, `horas`, `id_sala`, `id_usuario`, `status`, `datares`, `horasres`, `id_usuariores`, `solucao`) VALUES ('36', 'Trocar pilhas do teclado', '2017-08-30', '13:26:42', '45', '2', '1', '2017-08-30', '13:28:13', '2', 'ok');
INSERT INTO `d_chamados` (`id`, `obs`, `data`, `horas`, `id_sala`, `id_usuario`, `status`, `datares`, `horasres`, `id_usuariores`, `solucao`) VALUES ('37', 'Não acessa internet, sendo necessário a instalação do certificado', '2017-08-30', '13:33:30', '46', '2', '1', '2017-08-30', '13:33:37', '2', 'ok');
INSERT INTO `d_chamados` (`id`, `obs`, `data`, `horas`, `id_sala`, `id_usuario`, `status`, `datares`, `horasres`, `id_usuariores`, `solucao`) VALUES ('38', 'Computador não liga.', '2017-08-30', '14:27:48', '30', '2', '1', '2017-08-30', '17:37:08', '2', 'ok');
INSERT INTO `d_chamados` (`id`, `obs`, `data`, `horas`, `id_sala`, `id_usuario`, `status`, `datares`, `horasres`, `id_usuariores`, `solucao`) VALUES ('39', 'Registrar o pacote office', '2017-08-30', '16:16:46', '12', '2', '1', '2017-08-30', '18:47:40', '2', 'ok');
INSERT INTO `d_chamados` (`id`, `obs`, `data`, `horas`, `id_sala`, `id_usuario`, `status`, `datares`, `horasres`, `id_usuariores`, `solucao`) VALUES ('40', 'Som funciona com mal-contato', '2017-09-04', '18:04:56', '28', '2', '1', '2018-02-01', '00:00:00', '2', 'ok');
INSERT INTO `d_chamados` (`id`, `obs`, `data`, `horas`, `id_sala`, `id_usuario`, `status`, `datares`, `horasres`, `id_usuariores`, `solucao`) VALUES ('41', 'Colocar Cabo de audio', '2017-09-06', '14:17:10', '11', '2', '1', '2017-09-06', '18:09:24', '2', 'ok');
INSERT INTO `d_chamados` (`id`, `obs`, `data`, `horas`, `id_sala`, `id_usuario`, `status`, `datares`, `horasres`, `id_usuariores`, `solucao`) VALUES ('42', 'Trocar o mouse', '2017-09-06', '14:17:26', '11', '2', '1', '2017-09-06', '18:08:56', '2', 'ok');
INSERT INTO `d_chamados` (`id`, `obs`, `data`, `horas`, `id_sala`, `id_usuario`, `status`, `datares`, `horasres`, `id_usuariores`, `solucao`) VALUES ('43', 'Trocar  da tela', '2017-09-06', '15:24:15', '8', '2', '1', '2017-09-19', '17:22:41', '2', 'ok');
INSERT INTO `d_chamados` (`id`, `obs`, `data`, `horas`, `id_sala`, `id_usuario`, `status`, `datares`, `horasres`, `id_usuariores`, `solucao`) VALUES ('44', 'Troca das pilhas do teclado', '2017-09-13', '21:54:22', '32', '2', '1', '2017-09-13', '21:54:46', '2', 'ok');
INSERT INTO `d_chamados` (`id`, `obs`, `data`, `horas`, `id_sala`, `id_usuario`, `status`, `datares`, `horasres`, `id_usuariores`, `solucao`) VALUES ('45', 'Troca das pilhas do teclado', '2017-09-13', '21:54:23', '32', '2', '1', '2017-09-13', '21:54:36', '2', 'ok');
INSERT INTO `d_chamados` (`id`, `obs`, `data`, `horas`, `id_sala`, `id_usuario`, `status`, `datares`, `horasres`, `id_usuariores`, `solucao`) VALUES ('46', 'Som com mau contato', '2017-09-14', '17:20:02', '9', '2', '1', '2017-12-22', '18:33:00', '2', 'ok');
INSERT INTO `d_chamados` (`id`, `obs`, `data`, `horas`, `id_sala`, `id_usuario`, `status`, `datares`, `horasres`, `id_usuariores`, `solucao`) VALUES ('47', 'Mouse com mau contato', '2017-09-14', '17:21:23', '18', '2', '1', '2017-12-22', '18:33:00', '2', 'ok');
INSERT INTO `d_chamados` (`id`, `obs`, `data`, `horas`, `id_sala`, `id_usuario`, `status`, `datares`, `horasres`, `id_usuariores`, `solucao`) VALUES ('48', 'Não aparece vídeo no monitor', '2017-09-15', '14:30:17', '47', '2', '1', '2017-09-18', '13:41:43', '2', 'ok');
INSERT INTO `d_chamados` (`id`, `obs`, `data`, `horas`, `id_sala`, `id_usuario`, `status`, `datares`, `horasres`, `id_usuariores`, `solucao`) VALUES ('49', 'Folha agarra na impressora, Quando imprime frente e verso', '2017-09-15', '14:33:21', '48', '2', '1', '2017-09-18', '13:44:17', '2', 'ok');
INSERT INTO `d_chamados` (`id`, `obs`, `data`, `horas`, `id_sala`, `id_usuario`, `status`, `datares`, `horasres`, `id_usuariores`, `solucao`) VALUES ('50', 'Troca do toner', '2017-09-15', '14:34:34', '48', '2', '1', '2017-09-15', '21:16:12', '2', 'ok');
INSERT INTO `d_chamados` (`id`, `obs`, `data`, `horas`, `id_sala`, `id_usuario`, `status`, `datares`, `horasres`, `id_usuariores`, `solucao`) VALUES ('51', 'Troca das pilhas do controle do projetor', '2017-09-15', '16:25:03', '9', '2', '1', '2017-09-18', '13:44:48', '2', 'ok');
INSERT INTO `d_chamados` (`id`, `obs`, `data`, `horas`, `id_sala`, `id_usuario`, `status`, `datares`, `horasres`, `id_usuariores`, `solucao`) VALUES ('52', 'Traca do projetor', '2017-09-15', '17:28:35', '49', '2', '1', '2017-12-22', '18:33:00', '2', 'ok');
INSERT INTO `d_chamados` (`id`, `obs`, `data`, `horas`, `id_sala`, `id_usuario`, `status`, `datares`, `horasres`, `id_usuariores`, `solucao`) VALUES ('53', 'Troca do mouse', '2017-09-15', '21:17:51', '18', '2', '1', '2017-09-15', '21:18:08', '2', 'ok');
INSERT INTO `d_chamados` (`id`, `obs`, `data`, `horas`, `id_sala`, `id_usuario`, `status`, `datares`, `horasres`, `id_usuariores`, `solucao`) VALUES ('54', 'Troca da fonte do monitor', '2017-09-18', '20:46:00', '50', '2', '1', '2017-09-18', '20:46:07', '2', 'ok');
INSERT INTO `d_chamados` (`id`, `obs`, `data`, `horas`, `id_sala`, `id_usuario`, `status`, `datares`, `horasres`, `id_usuariores`, `solucao`) VALUES ('55', 'Troca das pilhas do controle do projetor', '2017-09-19', '18:22:33', '23', '2', '1', '2017-09-19', '18:22:43', '2', 'ok');
INSERT INTO `d_chamados` (`id`, `obs`, `data`, `horas`, `id_sala`, `id_usuario`, `status`, `datares`, `horasres`, `id_usuariores`, `solucao`) VALUES ('56', 'Precisa de adaptador para funcionar o som', '2017-09-19', '18:55:44', '27', '2', '1', '2017-12-22', '18:35:00', '2', 'ok');
INSERT INTO `d_chamados` (`id`, `obs`, `data`, `horas`, `id_sala`, `id_usuario`, `status`, `datares`, `horasres`, `id_usuariores`, `solucao`) VALUES ('78', 'Troca da tela do projetor', '2017-09-25', '20:34:00', '2', '2', '1', '2017-09-25', '20:35:00', '2', 'ok');
INSERT INTO `d_chamados` (`id`, `obs`, `data`, `horas`, `id_sala`, `id_usuario`, `status`, `datares`, `horasres`, `id_usuariores`, `solucao`) VALUES ('79', 'Ajuste do projetor', '2017-09-25', '20:35:00', '2', '2', '1', '2017-09-25', '20:35:00', '2', 'ok');
INSERT INTO `d_chamados` (`id`, `obs`, `data`, `horas`, `id_sala`, `id_usuario`, `status`, `datares`, `horasres`, `id_usuariores`, `solucao`) VALUES ('80', 'Projetor não liga e fica piscando o Led  lâmpada ', '2017-09-28', '21:59:00', '24', '2', '1', '2017-10-02', '17:54:00', '2', 'ok');
INSERT INTO `d_chamados` (`id`, `obs`, `data`, `horas`, `id_sala`, `id_usuario`, `status`, `datares`, `horasres`, `id_usuariores`, `solucao`) VALUES ('82', 'Troca do projetor', '2017-10-03', '21:08:00', '19', '2', '1', '2017-10-03', '00:00:00', '2', 'ok');
INSERT INTO `d_chamados` (`id`, `obs`, `data`, `horas`, `id_sala`, `id_usuario`, `status`, `datares`, `horasres`, `id_usuariores`, `solucao`) VALUES ('83', 'Troca do computador', '2017-10-05', '13:49:55', '52', '2', '1', '2017-10-05', '13:50:13', '2', 'ok');
INSERT INTO `d_chamados` (`id`, `obs`, `data`, `horas`, `id_sala`, `id_usuario`, `status`, `datares`, `horasres`, `id_usuariores`, `solucao`) VALUES ('84', 'Restaurar os arquivos', '2017-10-05', '13:50:06', '52', '2', '1', '2017-10-06', '18:28:02', '2', 'ok');
INSERT INTO `d_chamados` (`id`, `obs`, `data`, `horas`, `id_sala`, `id_usuario`, `status`, `datares`, `horasres`, `id_usuariores`, `solucao`) VALUES ('85', 'Troca das pilhas do controle do projetor', '2017-10-06', '18:29:33', '7', '2', '1', '2017-10-06', '18:57:00', '2', 'ok');
INSERT INTO `d_chamados` (`id`, `obs`, `data`, `horas`, `id_sala`, `id_usuario`, `status`, `datares`, `horasres`, `id_usuariores`, `solucao`) VALUES ('86', 'Adaptador para funcionar o som', '2017-10-06', '18:30:01', '7', '2', '1', '2017-10-06', '18:57:00', '2', 'ok');
INSERT INTO `d_chamados` (`id`, `obs`, `data`, `horas`, `id_sala`, `id_usuario`, `status`, `datares`, `horasres`, `id_usuariores`, `solucao`) VALUES ('87', 'Troca das pilhas do controle do ar-condicionado ', '2017-10-16', '19:34:00', '28', '2', '1', '2017-10-16', '19:34:00', '2', 'ok');
INSERT INTO `d_chamados` (`id`, `obs`, `data`, `horas`, `id_sala`, `id_usuario`, `status`, `datares`, `horasres`, `id_usuariores`, `solucao`) VALUES ('88', 'Troca do projetor ', '2017-10-18', '17:05:00', '42', '2', '1', '2017-10-18', '17:08:00', '2', 'ok');
INSERT INTO `d_chamados` (`id`, `obs`, `data`, `horas`, `id_sala`, `id_usuario`, `status`, `datares`, `horasres`, `id_usuariores`, `solucao`) VALUES ('89', 'Troca do controle do projetor', '2017-10-18', '17:06:00', '42', '2', '1', '2017-10-18', '17:07:00', '2', 'ok');
INSERT INTO `d_chamados` (`id`, `obs`, `data`, `horas`, `id_sala`, `id_usuario`, `status`, `datares`, `horasres`, `id_usuariores`, `solucao`) VALUES ('90', 'Teste de banco ', '2017-11-08', '17:33:00', '5', '2', '1', '2017-11-08', '18:19:01', '2', 'ok');
INSERT INTO `d_chamados` (`id`, `obs`, `data`, `horas`, `id_sala`, `id_usuario`, `status`, `datares`, `horasres`, `id_usuariores`, `solucao`) VALUES ('91', 'Colocar chave no office', '2017-11-16', '16:05:00', '10', '2', '1', '2017-12-22', '18:34:00', '2', 'ok');
INSERT INTO `d_chamados` (`id`, `obs`, `data`, `horas`, `id_sala`, `id_usuario`, `status`, `datares`, `horasres`, `id_usuariores`, `solucao`) VALUES ('92', 'Teste ', '2017-12-16', '13:15:00', '10', '2', '1', '2017-12-16', '13:15:00', '2', 'ok');
INSERT INTO `d_chamados` (`id`, `obs`, `data`, `horas`, `id_sala`, `id_usuario`, `status`, `datares`, `horasres`, `id_usuariores`, `solucao`) VALUES ('95', 'Falta pc', '2017-12-22', '14:28:24', '34', '2', '1', '2018-02-01', '00:00:00', '2', 'ok');
INSERT INTO `d_chamados` (`id`, `obs`, `data`, `horas`, `id_sala`, `id_usuario`, `status`, `datares`, `horasres`, `id_usuariores`, `solucao`) VALUES ('96', 'Fechadura do armario', '2017-12-22', '17:54:29', '24', '2', '1', '2018-05-04', '21:03:48', '1', 'Senho Nelito fez o reparo.');
INSERT INTO `d_chamados` (`id`, `obs`, `data`, `horas`, `id_sala`, `id_usuario`, `status`, `datares`, `horasres`, `id_usuariores`, `solucao`) VALUES ('97', 'Sem controle do ar-condicionado ', '2017-12-22', '18:34:00', '23', '2', '1', '2018-01-31', '13:52:00', '2', 'ok');
INSERT INTO `d_chamados` (`id`, `obs`, `data`, `horas`, `id_sala`, `id_usuario`, `status`, `datares`, `horasres`, `id_usuariores`, `solucao`) VALUES ('99', 'Pilha para o controle do projetor', '2018-01-26', '11:20:00', '20', '2', '1', '2018-01-31', '18:39:00', '2', 'ok');
INSERT INTO `d_chamados` (`id`, `obs`, `data`, `horas`, `id_sala`, `id_usuario`, `status`, `datares`, `horasres`, `id_usuariores`, `solucao`) VALUES ('100', 'Precisa de adaptador de som', '2018-01-26', '11:38:00', '21', '2', '1', '2018-02-01', '21:22:00', '2', 'ok');
INSERT INTO `d_chamados` (`id`, `obs`, `data`, `horas`, `id_sala`, `id_usuario`, `status`, `datares`, `horasres`, `id_usuariores`, `solucao`) VALUES ('101', 'Adaptador de som', '2018-01-26', '13:27:00', '22', '2', '1', '2018-02-01', '20:27:00', '2', 'ok');
INSERT INTO `d_chamados` (`id`, `obs`, `data`, `horas`, `id_sala`, `id_usuario`, `status`, `datares`, `horasres`, `id_usuariores`, `solucao`) VALUES ('102', 'Sem controle do projetor', '2018-01-29', '17:47:00', '7', '2', '1', '2018-01-30', '17:27:00', '2', 'ok');
INSERT INTO `d_chamados` (`id`, `obs`, `data`, `horas`, `id_sala`, `id_usuario`, `status`, `datares`, `horasres`, `id_usuariores`, `solucao`) VALUES ('103', 'Projetor Sobreaquecido', '2018-01-29', '17:50:00', '7', '2', '1', '2018-01-30', '17:27:00', '2', 'ok');
INSERT INTO `d_chamados` (`id`, `obs`, `data`, `horas`, `id_sala`, `id_usuario`, `status`, `datares`, `horasres`, `id_usuariores`, `solucao`) VALUES ('104', 'Sem internet', '2018-01-29', '18:28:00', '1', '2', '1', '2018-04-03', '00:00:00', '2', 'ok');
INSERT INTO `d_chamados` (`id`, `obs`, `data`, `horas`, `id_sala`, `id_usuario`, `status`, `datares`, `horasres`, `id_usuariores`, `solucao`) VALUES ('105', 'Tela do projetor travando', '2018-01-30', '13:31:00', '2', '2', '0', '0000-00-00', '00:00:00', '0', 'PENDENTE');
INSERT INTO `d_chamados` (`id`, `obs`, `data`, `horas`, `id_sala`, `id_usuario`, `status`, `datares`, `horasres`, `id_usuariores`, `solucao`) VALUES ('106', 'Trocar cabo de forca do projetor', '2018-01-30', '15:29:00', '17', '2', '1', '2018-01-30', '16:47:00', '2', 'ok');
INSERT INTO `d_chamados` (`id`, `obs`, `data`, `horas`, `id_sala`, `id_usuario`, `status`, `datares`, `horasres`, `id_usuariores`, `solucao`) VALUES ('107', 'Sem internet, nao reconhece o caba de internet', '2018-01-30', '16:00:00', '14', '2', '1', '2018-04-12', '19:53:13', '2', 'Resolvido');
INSERT INTO `d_chamados` (`id`, `obs`, `data`, `horas`, `id_sala`, `id_usuario`, `status`, `datares`, `horasres`, `id_usuariores`, `solucao`) VALUES ('108', 'Precisa de adaptador de audio', '2018-01-30', '16:00:00', '14', '2', '1', '2018-02-01', '18:30:00', '2', 'ok');
INSERT INTO `d_chamados` (`id`, `obs`, `data`, `horas`, `id_sala`, `id_usuario`, `status`, `datares`, `horasres`, `id_usuariores`, `solucao`) VALUES ('109', 'Tranca do armário não fecha', '2018-01-30', '17:28:00', '7', '2', '1', '2018-05-04', '21:04:04', '1', 'Senho Nelito fez o reparo.');
INSERT INTO `d_chamados` (`id`, `obs`, `data`, `horas`, `id_sala`, `id_usuario`, `status`, `datares`, `horasres`, `id_usuariores`, `solucao`) VALUES ('110', 'Pilhas para o teclado', '2018-01-30', '18:50:43', '55', '2', '1', '2018-01-31', '00:00:00', '2', 'ok');
INSERT INTO `d_chamados` (`id`, `obs`, `data`, `horas`, `id_sala`, `id_usuario`, `status`, `datares`, `horasres`, `id_usuariores`, `solucao`) VALUES ('111', 'Nc não liga', '2018-01-30', '18:51:17', '40', '2', '1', '2018-01-31', '16:57:00', '2', 'ok');
INSERT INTO `d_chamados` (`id`, `obs`, `data`, `horas`, `id_sala`, `id_usuario`, `status`, `datares`, `horasres`, `id_usuariores`, `solucao`) VALUES ('112', 'Sem Internet', '2018-01-30', '18:51:45', '56', '2', '1', '2018-01-31', '00:00:00', '2', 'ok');
INSERT INTO `d_chamados` (`id`, `obs`, `data`, `horas`, `id_sala`, `id_usuario`, `status`, `datares`, `horasres`, `id_usuariores`, `solucao`) VALUES ('113', 'Pilhas para o teclado', '2018-01-30', '18:52:13', '57', '2', '1', '2018-01-31', '15:10:00', '2', 'ok');
INSERT INTO `d_chamados` (`id`, `obs`, `data`, `horas`, `id_sala`, `id_usuario`, `status`, `datares`, `horasres`, `id_usuariores`, `solucao`) VALUES ('114', 'Pilhas para o teclado', '2018-01-30', '18:52:43', '58', '2', '1', '2018-01-31', '00:00:00', '2', 'ok');
INSERT INTO `d_chamados` (`id`, `obs`, `data`, `horas`, `id_sala`, `id_usuario`, `status`, `datares`, `horasres`, `id_usuariores`, `solucao`) VALUES ('115', 'Pilhas para o teclado', '2018-01-30', '18:53:09', '59', '2', '1', '2018-01-31', '15:10:00', '2', 'ok');
INSERT INTO `d_chamados` (`id`, `obs`, `data`, `horas`, `id_sala`, `id_usuario`, `status`, `datares`, `horasres`, `id_usuariores`, `solucao`) VALUES ('116', 'Pilha AA para o mouse', '2018-01-31', '11:56:00', '8', '2', '1', '2018-01-31', '17:29:00', '2', 'ok');
INSERT INTO `d_chamados` (`id`, `obs`, `data`, `horas`, `id_sala`, `id_usuario`, `status`, `datares`, `horasres`, `id_usuariores`, `solucao`) VALUES ('117', 'Adaptador de audio', '2018-01-31', '13:53:00', '23', '2', '1', '2018-01-31', '17:18:00', '2', 'ok');
INSERT INTO `d_chamados` (`id`, `obs`, `data`, `horas`, `id_sala`, `id_usuario`, `status`, `datares`, `horasres`, `id_usuariores`, `solucao`) VALUES ('118', 'Sem internet, não reconhece o caba de internet', '2018-01-31', '17:30:00', '9', '2', '1', '2018-03-10', '00:00:00', '2', 'ok');
INSERT INTO `d_chamados` (`id`, `obs`, `data`, `horas`, `id_sala`, `id_usuario`, `status`, `datares`, `horasres`, `id_usuariores`, `solucao`) VALUES ('119', 'Cpu fan error.\nO pc so inicia se apertar f1', '2018-01-31', '17:54:00', '11', '2', '1', '2018-02-01', '00:00:00', '2', 'ok');
INSERT INTO `d_chamados` (`id`, `obs`, `data`, `horas`, `id_sala`, `id_usuario`, `status`, `datares`, `horasres`, `id_usuariores`, `solucao`) VALUES ('120', 'Sem internet.', '2018-01-31', '18:18:00', '12', '2', '1', '2018-04-10', '19:52:00', '2', 'ok');
INSERT INTO `d_chamados` (`id`, `obs`, `data`, `horas`, `id_sala`, `id_usuario`, `status`, `datares`, `horasres`, `id_usuariores`, `solucao`) VALUES ('121', 'Criar acesso para o usuario.\nSo entra com usuario DETEC', '2018-02-01', '11:11:00', '12', '2', '1', '2018-02-01', '15:48:00', '2', 'ok');
INSERT INTO `d_chamados` (`id`, `obs`, `data`, `horas`, `id_sala`, `id_usuario`, `status`, `datares`, `horasres`, `id_usuariores`, `solucao`) VALUES ('122', 'Pilha AA para o mouse', '2018-02-01', '12:32:00', '55', '2', '1', '2018-02-01', '00:00:00', '2', 'ok');
INSERT INTO `d_chamados` (`id`, `obs`, `data`, `horas`, `id_sala`, `id_usuario`, `status`, `datares`, `horasres`, `id_usuariores`, `solucao`) VALUES ('123', 'Configurar o ponto de rede da impressora.\nOu colocar um hub/switch.', '2018-02-01', '14:31:00', '53', '2', '1', '2018-02-02', '15:32:00', '2', 'ok');
INSERT INTO `d_chamados` (`id`, `obs`, `data`, `horas`, `id_sala`, `id_usuario`, `status`, `datares`, `horasres`, `id_usuariores`, `solucao`) VALUES ('124', 'Telene não esta funcionando', '2018-02-01', '14:32:00', '53', '2', '1', '2018-02-02', '15:32:00', '2', 'ok');
INSERT INTO `d_chamados` (`id`, `obs`, `data`, `horas`, `id_sala`, `id_usuario`, `status`, `datares`, `horasres`, `id_usuariores`, `solucao`) VALUES ('125', 'Primeiro PC sem internet.', '2018-02-01', '14:44:00', '61', '2', '1', '2018-04-12', '17:55:09', '2', 'Troca do pc');
INSERT INTO `d_chamados` (`id`, `obs`, `data`, `horas`, `id_sala`, `id_usuario`, `status`, `datares`, `horasres`, `id_usuariores`, `solucao`) VALUES ('126', 'Os Pcs não imprimem.', '2018-02-01', '14:45:00', '61', '2', '1', '2018-04-10', '20:03:00', '2', 'ok');
INSERT INTO `d_chamados` (`id`, `obs`, `data`, `horas`, `id_sala`, `id_usuario`, `status`, `datares`, `horasres`, `id_usuariores`, `solucao`) VALUES ('127', 'Instalar RM', '2018-02-01', '15:18:00', '50', '2', '1', '2018-02-01', '15:46:00', '2', 'ok');
INSERT INTO `d_chamados` (`id`, `obs`, `data`, `horas`, `id_sala`, `id_usuario`, `status`, `datares`, `horasres`, `id_usuariores`, `solucao`) VALUES ('128', 'Instalar leitor', '2018-02-01', '15:18:00', '39', '2', '1', '2018-02-01', '00:00:00', '2', 'ok');
INSERT INTO `d_chamados` (`id`, `obs`, `data`, `horas`, `id_sala`, `id_usuario`, `status`, `datares`, `horasres`, `id_usuariores`, `solucao`) VALUES ('130', 'Adaptador de audio e extrnsor usb', '2018-02-01', '16:54:00', '19', '2', '1', '2018-02-01', '18:20:00', '2', 'ok');
INSERT INTO `d_chamados` (`id`, `obs`, `data`, `horas`, `id_sala`, `id_usuario`, `status`, `datares`, `horasres`, `id_usuariores`, `solucao`) VALUES ('131', 'Sem internet', '2018-02-01', '20:28:00', '22', '2', '1', '2018-04-10', '19:35:00', '2', 'ok');
INSERT INTO `d_chamados` (`id`, `obs`, `data`, `horas`, `id_sala`, `id_usuario`, `status`, `datares`, `horasres`, `id_usuariores`, `solucao`) VALUES ('132', 'Usuário no  AD para a novata.', '2018-02-01', '21:47:45', '62', '2', '1', '2018-02-15', '19:13:00', '2', 'ok');
INSERT INTO `d_chamados` (`id`, `obs`, `data`, `horas`, `id_sala`, `id_usuario`, `status`, `datares`, `horasres`, `id_usuariores`, `solucao`) VALUES ('133', 'Telefone não funciona.', '2018-02-01', '21:49:29', '63', '2', '1', '2018-04-05', '17:04:19', '2', 'ok');
INSERT INTO `d_chamados` (`id`, `obs`, `data`, `horas`, `id_sala`, `id_usuario`, `status`, `datares`, `horasres`, `id_usuariores`, `solucao`) VALUES ('134', 'Resetar senha do AD, pois ela não lembra da senha.', '2018-02-01', '21:51:44', '64', '2', '1', '2018-04-13', '21:56:16', '2', 'Resolvido');
INSERT INTO `d_chamados` (`id`, `obs`, `data`, `horas`, `id_sala`, `id_usuario`, `status`, `datares`, `horasres`, `id_usuariores`, `solucao`) VALUES ('135', 'Não conecta internet via cabo, somente wi-fi', '2018-02-01', '21:52:13', '64', '2', '1', '2018-04-24', '15:55:55', '1', 'Conectado a cabo');
INSERT INTO `d_chamados` (`id`, `obs`, `data`, `horas`, `id_sala`, `id_usuario`, `status`, `datares`, `horasres`, `id_usuariores`, `solucao`) VALUES ('136', 'Não conecta internet via cabo, somente wi-fi', '2018-02-01', '21:53:00', '65', '2', '1', '2018-04-26', '21:52:27', '1', 'Resolvido');
INSERT INTO `d_chamados` (`id`, `obs`, `data`, `horas`, `id_sala`, `id_usuario`, `status`, `datares`, `horasres`, `id_usuariores`, `solucao`) VALUES ('137', 'Trocar tela do projetor', '2018-02-07', '20:57:00', '30', '2', '0', '0000-00-00', '00:00:00', '0', 'PENDENTE');
INSERT INTO `d_chamados` (`id`, `obs`, `data`, `horas`, `id_sala`, `id_usuario`, `status`, `datares`, `horasres`, `id_usuariores`, `solucao`) VALUES ('139', 'Colocar video.\n18:00 ', '2018-02-15', '15:07:00', '19', '2', '1', '2018-02-15', '18:48:00', '2', 'ok');
INSERT INTO `d_chamados` (`id`, `obs`, `data`, `horas`, `id_sala`, `id_usuario`, `status`, `datares`, `horasres`, `id_usuariores`, `solucao`) VALUES ('140', 'Adaptador de som', '2018-02-15', '18:48:00', '18', '2', '0', '0000-00-00', '00:00:00', '0', 'PENDENTE');
INSERT INTO `d_chamados` (`id`, `obs`, `data`, `horas`, `id_sala`, `id_usuario`, `status`, `datares`, `horasres`, `id_usuariores`, `solucao`) VALUES ('141', 'Conferir ligacao do cabo de audio, pois o mesmo esta quebrando os adaptadores', '2018-02-16', '16:32:00', '20', '2', '1', '2018-04-10', '19:20:00', '2', 'ok');
INSERT INTO `d_chamados` (`id`, `obs`, `data`, `horas`, `id_sala`, `id_usuario`, `status`, `datares`, `horasres`, `id_usuariores`, `solucao`) VALUES ('142', 'Verificar o som', '2018-02-16', '20:15:00', '31', '2', '1', '2018-02-17', '12:29:00', '2', 'ok');
INSERT INTO `d_chamados` (`id`, `obs`, `data`, `horas`, `id_sala`, `id_usuario`, `status`, `datares`, `horasres`, `id_usuariores`, `solucao`) VALUES ('143', 'Computador lento', '2018-02-19', '17:30:00', '9', '2', '1', '2018-03-10', '00:00:00', '2', 'ok');
INSERT INTO `d_chamados` (`id`, `obs`, `data`, `horas`, `id_sala`, `id_usuario`, `status`, `datares`, `horasres`, `id_usuariores`, `solucao`) VALUES ('144', 'Conferir', '2018-03-10', '10:56:00', '19', '2', '1', '2018-04-10', '19:24:00', '2', 'ok');
INSERT INTO `d_chamados` (`id`, `obs`, `data`, `horas`, `id_sala`, `id_usuario`, `status`, `datares`, `horasres`, `id_usuariores`, `solucao`) VALUES ('145', 'Colocar tambor da chave', '2018-03-10', '10:57:00', '20', '2', '0', '0000-00-00', '00:00:00', '0', 'PENDENTE');
INSERT INTO `d_chamados` (`id`, `obs`, `data`, `horas`, `id_sala`, `id_usuario`, `status`, `datares`, `horasres`, `id_usuariores`, `solucao`) VALUES ('146', 'Instalar o programa  think , \"capa do dvd tem a cor verde\"', '2018-03-15', '21:37:00', '16', '2', '1', '2018-03-19', '20:40:00', '2', 'ok');
INSERT INTO `d_chamados` (`id`, `obs`, `data`, `horas`, `id_sala`, `id_usuario`, `status`, `datares`, `horasres`, `id_usuariores`, `solucao`) VALUES ('147', 'Sem controle do projetor', '2018-03-15', '14:13:38', '19', '2', '1', '2018-04-10', '19:24:00', '2', 'ok');
INSERT INTO `d_chamados` (`id`, `obs`, `data`, `horas`, `id_sala`, `id_usuario`, `status`, `datares`, `horasres`, `id_usuariores`, `solucao`) VALUES ('148', 'Sem controle do projetor', '2018-03-15', '14:14:04', '42', '2', '1', '2018-04-26', '21:51:56', '2', 'Foi feita a reposição do controle do projetor');
INSERT INTO `d_chamados` (`id`, `obs`, `data`, `horas`, `id_sala`, `id_usuario`, `status`, `datares`, `horasres`, `id_usuariores`, `solucao`) VALUES ('149', 'Não possível configurar sua impressora na rede. Sendo assim,  a mesma esta via USB.', '2018-03-19', '16:56:52', '66', '2', '1', '2018-03-21', '20:50:00', '2', 'ok');
INSERT INTO `d_chamados` (`id`, `obs`, `data`, `horas`, `id_sala`, `id_usuario`, `status`, `datares`, `horasres`, `id_usuariores`, `solucao`) VALUES ('150', 'Sem Internet', '2018-03-19', '16:57:25', '67', '2', '1', '2018-03-26', '14:24:00', '2', 'ok');
INSERT INTO `d_chamados` (`id`, `obs`, `data`, `horas`, `id_sala`, `id_usuario`, `status`, `datares`, `horasres`, `id_usuariores`, `solucao`) VALUES ('151', 'Sem internet', '2018-03-19', '19:08:00', '31', '2', '1', '2018-03-21', '20:51:00', '2', 'ok');
INSERT INTO `d_chamados` (`id`, `obs`, `data`, `horas`, `id_sala`, `id_usuario`, `status`, `datares`, `horasres`, `id_usuariores`, `solucao`) VALUES ('152', 'Sem internet.\n\nId. Pt-2-1-178', '2018-03-19', '20:43:00', '16', '2', '1', '2018-03-28', '16:23:00', '2', 'ok');
INSERT INTO `d_chamados` (`id`, `obs`, `data`, `horas`, `id_sala`, `id_usuario`, `status`, `datares`, `horasres`, `id_usuariores`, `solucao`) VALUES ('153', 'Sem intertnet.\nPt-1-1-044', '2018-03-20', '15:41:00', '2', '2', '1', '2018-03-22', '21:50:00', '2', 'ok');
INSERT INTO `d_chamados` (`id`, `obs`, `data`, `horas`, `id_sala`, `id_usuario`, `status`, `datares`, `horasres`, `id_usuariores`, `solucao`) VALUES ('154', 'Verificar lampada do projetor', '2018-03-20', '17:41:00', '21', '2', '1', '2018-03-21', '20:50:00', '2', 'ok');
INSERT INTO `d_chamados` (`id`, `obs`, `data`, `horas`, `id_sala`, `id_usuario`, `status`, `datares`, `horasres`, `id_usuariores`, `solucao`) VALUES ('155', 'Pt 1-1-054', '2018-03-21', '14:14:00', '1', '2', '1', '2018-04-03', '00:00:00', '2', 'ok');
INSERT INTO `d_chamados` (`id`, `obs`, `data`, `horas`, `id_sala`, `id_usuario`, `status`, `datares`, `horasres`, `id_usuariores`, `solucao`) VALUES ('156', 'Precisa de adaptador de som', '2018-03-21', '14:15:00', '1', '2', '1', '2018-04-03', '00:00:00', '2', 'ok');
INSERT INTO `d_chamados` (`id`, `obs`, `data`, `horas`, `id_sala`, `id_usuario`, `status`, `datares`, `horasres`, `id_usuariores`, `solucao`) VALUES ('157', 'Impressora', '2018-03-21', '15:18:00', '66', '2', '1', '2018-03-21', '15:31:00', '2', 'ok');
INSERT INTO `d_chamados` (`id`, `obs`, `data`, `horas`, `id_sala`, `id_usuario`, `status`, `datares`, `horasres`, `id_usuariores`, `solucao`) VALUES ('158', 'Sem Internet.\n\nPt 2 4 50', '2018-03-22', '13:29:00', '68', '2', '1', '2018-03-22', '19:47:00', '2', 'ok');
INSERT INTO `d_chamados` (`id`, `obs`, `data`, `horas`, `id_sala`, `id_usuario`, `status`, `datares`, `horasres`, `id_usuariores`, `solucao`) VALUES ('159', 'Alinhar projetor', '2018-03-22', '16:57:00', '49', '2', '1', '2018-03-26', '00:00:00', '2', 'ok');
INSERT INTO `d_chamados` (`id`, `obs`, `data`, `horas`, `id_sala`, `id_usuario`, `status`, `datares`, `horasres`, `id_usuariores`, `solucao`) VALUES ('160', 'Verificar', '2018-03-22', '20:47:15', '69', '2', '0', '0000-00-00', '00:00:00', '0', 'PENDENTE');
INSERT INTO `d_chamados` (`id`, `obs`, `data`, `horas`, `id_sala`, `id_usuario`, `status`, `datares`, `horasres`, `id_usuariores`, `solucao`) VALUES ('162', 'Colocar tonner', '2018-03-26', '14:30:00', '70', '2', '1', '2018-03-28', '15:35:00', '2', 'ok');
INSERT INTO `d_chamados` (`id`, `obs`, `data`, `horas`, `id_sala`, `id_usuario`, `status`, `datares`, `horasres`, `id_usuariores`, `solucao`) VALUES ('163', 'Sem internet.\n3 4 31', '2018-03-26', '18:21:00', '31', '2', '1', '2018-03-27', '00:00:00', '2', 'ok');
INSERT INTO `d_chamados` (`id`, `obs`, `data`, `horas`, `id_sala`, `id_usuario`, `status`, `datares`, `horasres`, `id_usuariores`, `solucao`) VALUES ('164', 'Fechadura do armário', '2018-03-27', '15:41:00', '25', '2', '1', '2018-05-04', '21:04:20', '1', 'Senho Nelito fez o reparo.');
INSERT INTO `d_chamados` (`id`, `obs`, `data`, `horas`, `id_sala`, `id_usuario`, `status`, `datares`, `horasres`, `id_usuariores`, `solucao`) VALUES ('165', 'Verificar projetor', '2018-03-27', '15:54:00', '23', '2', '0', '0000-00-00', '00:00:00', '0', 'PENDENTE');
INSERT INTO `d_chamados` (`id`, `obs`, `data`, `horas`, `id_sala`, `id_usuario`, `status`, `datares`, `horasres`, `id_usuariores`, `solucao`) VALUES ('166', 'Sem controle do projetor', '2018-03-27', '16:01:00', '18', '2', '1', '2018-03-28', '00:00:00', '2', 'ok');
INSERT INTO `d_chamados` (`id`, `obs`, `data`, `horas`, `id_sala`, `id_usuario`, `status`, `datares`, `horasres`, `id_usuariores`, `solucao`) VALUES ('167', 'Trocar tonner', '2018-03-27', '18:41:00', '48', '2', '1', '2018-03-28', '15:35:00', '2', 'ok');
INSERT INTO `d_chamados` (`id`, `obs`, `data`, `horas`, `id_sala`, `id_usuario`, `status`, `datares`, `horasres`, `id_usuariores`, `solucao`) VALUES ('168', 'Som não funciona', '2018-03-28', '16:23:00', '16', '2', '1', '2018-03-28', '16:23:00', '2', 'ok');
INSERT INTO `d_chamados` (`id`, `obs`, `data`, `horas`, `id_sala`, `id_usuario`, `status`, `datares`, `horasres`, `id_usuariores`, `solucao`) VALUES ('169', 'Verificar projetor', '2018-03-28', '16:51:00', '71', '2', '1', '2018-03-28', '17:27:00', '2', 'ok');
INSERT INTO `d_chamados` (`id`, `obs`, `data`, `horas`, `id_sala`, `id_usuario`, `status`, `datares`, `horasres`, `id_usuariores`, `solucao`) VALUES ('170', 'Sem mouse', '2018-03-28', '17:28:00', '71', '2', '1', '2018-03-28', '17:28:00', '2', 'ok');
INSERT INTO `d_chamados` (`id`, `obs`, `data`, `horas`, `id_sala`, `id_usuario`, `status`, `datares`, `horasres`, `id_usuariores`, `solucao`) VALUES ('172', 'Pilha do mouse', '2018-04-02', '17:31:24', '72', '2', '1', '2018-04-02', '17:33:00', '2', 'ok');
INSERT INTO `d_chamados` (`id`, `obs`, `data`, `horas`, `id_sala`, `id_usuario`, `status`, `datares`, `horasres`, `id_usuariores`, `solucao`) VALUES ('173', 'Configurar impressora para digitalização', '2018-04-02', '21:49:04', '48', '2', '1', '2018-04-05', '14:00:00', '2', 'ok');
INSERT INTO `d_chamados` (`id`, `obs`, `data`, `horas`, `id_sala`, `id_usuario`, `status`, `datares`, `horasres`, `id_usuariores`, `solucao`) VALUES ('175', 'Mouse não funciona', '2018-04-03', '12:09:31', '45', '5', '1', '2018-04-03', '00:00:00', '2', 'ok');
INSERT INTO `d_chamados` (`id`, `obs`, `data`, `horas`, `id_sala`, `id_usuario`, `status`, `datares`, `horasres`, `id_usuariores`, `solucao`) VALUES ('176', 'Precisa de adaptador de audio', '2018-04-03', '15:39:00', '71', '2', '1', '2018-04-06', '20:26:00', '2', 'ok');
INSERT INTO `d_chamados` (`id`, `obs`, `data`, `horas`, `id_sala`, `id_usuario`, `status`, `datares`, `horasres`, `id_usuariores`, `solucao`) VALUES ('177', 'Troca do pc', '2018-04-03', '18:02:00', '1', '2', '1', '2018-04-03', '00:00:00', '2', 'ok');
INSERT INTO `d_chamados` (`id`, `obs`, `data`, `horas`, `id_sala`, `id_usuario`, `status`, `datares`, `horasres`, `id_usuariores`, `solucao`) VALUES ('178', 'Controle do projetor', '2018-04-05', '14:21:00', '20', '2', '1', '2018-04-05', '14:45:24', '2', 'ok');
INSERT INTO `d_chamados` (`id`, `obs`, `data`, `horas`, `id_sala`, `id_usuario`, `status`, `datares`, `horasres`, `id_usuariores`, `solucao`) VALUES ('179', 'Mal contato no som', '2018-04-10', '19:11:00', '71', '2', '1', '2018-04-10', '19:11:00', '2', 'ok');
INSERT INTO `d_chamados` (`id`, `obs`, `data`, `horas`, `id_sala`, `id_usuario`, `status`, `datares`, `horasres`, `id_usuariores`, `solucao`) VALUES ('180', 'Mal contato no som', '2018-04-10', '19:11:00', '71', '2', '1', '2018-04-10', '19:11:00', '2', 'ok');
INSERT INTO `d_chamados` (`id`, `obs`, `data`, `horas`, `id_sala`, `id_usuario`, `status`, `datares`, `horasres`, `id_usuariores`, `solucao`) VALUES ('181', 'Tranca do armário', '2018-04-10', '19:35:00', '22', '2', '1', '2018-05-04', '21:03:06', '1', 'Senho Nelito fez o reparo.');
INSERT INTO `d_chamados` (`id`, `obs`, `data`, `horas`, `id_sala`, `id_usuario`, `status`, `datares`, `horasres`, `id_usuariores`, `solucao`) VALUES ('182', 'Não mostra os arquivos da area de trabalho', '2018-04-10', '19:55:00', '12', '2', '1', '2018-04-10', '20:01:00', '2', 'ok');
INSERT INTO `d_chamados` (`id`, `obs`, `data`, `horas`, `id_sala`, `id_usuario`, `status`, `datares`, `horasres`, `id_usuariores`, `solucao`) VALUES ('183', 'Video sem sapato 2018', '2018-04-11', '14:23:00', '6', '2', '1', '2018-04-11', '14:52:00', '2', 'ok');
INSERT INTO `d_chamados` (`id`, `obs`, `data`, `horas`, `id_sala`, `id_usuario`, `status`, `datares`, `horasres`, `id_usuariores`, `solucao`) VALUES ('184', 'Extensor usb', '2018-04-11', '14:52:00', '6', '2', '1', '2018-04-11', '15:51:00', '2', 'ok');
INSERT INTO `d_chamados` (`id`, `obs`, `data`, `horas`, `id_sala`, `id_usuario`, `status`, `datares`, `horasres`, `id_usuariores`, `solucao`) VALUES ('185', 'Projetor epson\nPowerlite s8 ', '2018-04-11', '15:10:00', '7', '2', '1', '2018-04-12', '11:59:29', '2', 'Troquei o projetor');
INSERT INTO `d_chamados` (`id`, `obs`, `data`, `horas`, `id_sala`, `id_usuario`, `status`, `datares`, `horasres`, `id_usuariores`, `solucao`) VALUES ('186', 'Video dia sem sapato 2018', '2018-04-11', '15:44:00', '6', '2', '1', '2018-04-12', '11:55:07', '2', 'Utilizei o reprodutor de vídeo defult do windows, pois os outros não funcionaram para reproduzir o video');
INSERT INTO `d_chamados` (`id`, `obs`, `data`, `horas`, `id_sala`, `id_usuario`, `status`, `datares`, `horasres`, `id_usuariores`, `solucao`) VALUES ('188', 'A ligação do cabo de áudio está com mau contato', '2018-04-13', '15:40:18', '20', '5', '1', '2018-06-19', '19:56:08', '2', 'Troca do computador por um NC');
INSERT INTO `d_chamados` (`id`, `obs`, `data`, `horas`, `id_sala`, `id_usuario`, `status`, `datares`, `horasres`, `id_usuariores`, `solucao`) VALUES ('190', 'Sem internet', '2018-04-18', '17:21:54', '14', '2', '1', '2018-04-18', '19:06:44', '2', 'A sala esta na rede 1024.\r\nSendo assim coloquei o IP 10.24.2.225');
INSERT INTO `d_chamados` (`id`, `obs`, `data`, `horas`, `id_sala`, `id_usuario`, `status`, `datares`, `horasres`, `id_usuariores`, `solucao`) VALUES ('191', 'Pen drive da professora não foi reconhecido', '2018-04-18', '17:41:56', '6', '5', '1', '2018-04-18', '18:29:52', '2', 'Troquei o cabo extensor do usb');
INSERT INTO `d_chamados` (`id`, `obs`, `data`, `horas`, `id_sala`, `id_usuario`, `status`, `datares`, `horasres`, `id_usuariores`, `solucao`) VALUES ('192', 'O som não funciona', '2018-04-18', '17:42:25', '16', '5', '1', '2018-04-19', '20:14:07', '2', 'Troca do pc');
INSERT INTO `d_chamados` (`id`, `obs`, `data`, `horas`, `id_sala`, `id_usuario`, `status`, `datares`, `horasres`, `id_usuariores`, `solucao`) VALUES ('193', 'Testei 3 pen drives e está funcionando normalmente', '2018-04-19', '12:16:18', '6', '5', '1', '2018-04-19', '14:05:46', '5', 'ok');
INSERT INTO `d_chamados` (`id`, `obs`, `data`, `horas`, `id_sala`, `id_usuario`, `status`, `datares`, `horasres`, `id_usuariores`, `solucao`) VALUES ('194', 'Sem internet.\r\nPt-1-1-058', '2018-04-19', '15:03:31', '74', '2', '1', '2018-04-19', '15:51:45', '2', 'Entrei no site ct.santoagostinho.com.br, e coloquei usuário e senha do AD');
INSERT INTO `d_chamados` (`id`, `obs`, `data`, `horas`, `id_sala`, `id_usuario`, `status`, `datares`, `horasres`, `id_usuariores`, `solucao`) VALUES ('197', 'Instalação do Rm', '2018-04-19', '16:46:21', '41', '2', '1', '2018-04-19', '17:07:42', '2', 'Instalado');
INSERT INTO `d_chamados` (`id`, `obs`, `data`, `horas`, `id_sala`, `id_usuario`, `status`, `datares`, `horasres`, `id_usuariores`, `solucao`) VALUES ('198', 'Verificar o som', '2018-04-19', '17:32:25', '22', '2', '1', '2018-04-23', '19:15:50', '2', 'Som com adaptador, podendo apresentar mal contando futuramente ');
INSERT INTO `d_chamados` (`id`, `obs`, `data`, `horas`, `id_sala`, `id_usuario`, `status`, `datares`, `horasres`, `id_usuariores`, `solucao`) VALUES ('212', 'Instalar google Earth', '2018-04-19', '18:06:33', '19', '2', '1', '2018-04-23', '18:41:34', '2', 'Instalei');
INSERT INTO `d_chamados` (`id`, `obs`, `data`, `horas`, `id_sala`, `id_usuario`, `status`, `datares`, `horasres`, `id_usuariores`, `solucao`) VALUES ('213', 'Instalar Google Earth', '2018-04-19', '18:07:32', '20', '2', '1', '2018-04-23', '19:23:55', '2', 'Instalei ');
INSERT INTO `d_chamados` (`id`, `obs`, `data`, `horas`, `id_sala`, `id_usuario`, `status`, `datares`, `horasres`, `id_usuariores`, `solucao`) VALUES ('214', 'Instalar Google Earth', '2018-04-19', '18:08:14', '21', '2', '1', '2018-04-23', '19:32:44', '2', 'Instalei ');
INSERT INTO `d_chamados` (`id`, `obs`, `data`, `horas`, `id_sala`, `id_usuario`, `status`, `datares`, `horasres`, `id_usuariores`, `solucao`) VALUES ('215', 'Levar pc e projetor', '2018-04-19', '18:20:48', '75', '2', '1', '2018-04-19', '22:37:13', '2', 'ok');
INSERT INTO `d_chamados` (`id`, `obs`, `data`, `horas`, `id_sala`, `id_usuario`, `status`, `datares`, `horasres`, `id_usuariores`, `solucao`) VALUES ('216', 'Instalar Google Earth', '2018-04-19', '20:16:00', '16', '2', '1', '2018-04-19', '20:32:57', '2', 'Instalei a versão mais antiga 7.xxx, pois a atual o programa não funciona.');
INSERT INTO `d_chamados` (`id`, `obs`, `data`, `horas`, `id_sala`, `id_usuario`, `status`, `datares`, `horasres`, `id_usuariores`, `solucao`) VALUES ('218', 'Inserir computador no domínio para reunião de 18/04 e remover no dia seguinte', '2018-04-20', '09:51:27', '41', '5', '1', '2018-04-20', '09:51:30', '5', 'Removi o computador do domínio');
INSERT INTO `d_chamados` (`id`, `obs`, `data`, `horas`, `id_sala`, `id_usuario`, `status`, `datares`, `horasres`, `id_usuariores`, `solucao`) VALUES ('219', 'Adaptador vga  Para 2 monitores', '2018-04-20', '15:21:00', '39', '2', '1', '2018-04-23', '14:01:29', '5', 'Pegou o adaptador da sala Darci Ribeiro');
INSERT INTO `d_chamados` (`id`, `obs`, `data`, `horas`, `id_sala`, `id_usuario`, `status`, `datares`, `horasres`, `id_usuariores`, `solucao`) VALUES ('220', 'Telefone não funciona', '2018-04-20', '16:09:13', '40', '2', '0', '0000-00-00', '00:00:00', '0', 'PENDENTE');
INSERT INTO `d_chamados` (`id`, `obs`, `data`, `horas`, `id_sala`, `id_usuario`, `status`, `datares`, `horasres`, `id_usuariores`, `solucao`) VALUES ('221', 'Telefone não funciona', '2018-04-20', '16:10:31', '33', '2', '0', '0000-00-00', '00:00:00', '0', 'PENDENTE');
INSERT INTO `d_chamados` (`id`, `obs`, `data`, `horas`, `id_sala`, `id_usuario`, `status`, `datares`, `horasres`, `id_usuariores`, `solucao`) VALUES ('234', 'ert', '2018-04-21', '03:16:18', '51', '2', '1', '2018-04-21', '04:28:26', '2', 'PENDENTE');
INSERT INTO `d_chamados` (`id`, `obs`, `data`, `horas`, `id_sala`, `id_usuario`, `status`, `datares`, `horasres`, `id_usuariores`, `solucao`) VALUES ('235', '66', '2018-04-21', '04:29:30', '51', '2', '1', '2018-04-21', '04:29:33', '2', 'PENDENTE');
INSERT INTO `d_chamados` (`id`, `obs`, `data`, `horas`, `id_sala`, `id_usuario`, `status`, `datares`, `horasres`, `id_usuariores`, `solucao`) VALUES ('236', 'werw', '2018-04-21', '04:31:04', '51', '2', '1', '2018-04-21', '04:31:07', '2', 'PENDENTE');
INSERT INTO `d_chamados` (`id`, `obs`, `data`, `horas`, `id_sala`, `id_usuario`, `status`, `datares`, `horasres`, `id_usuariores`, `solucao`) VALUES ('237', 'EWWR', '2018-04-21', '04:33:05', '51', '2', '1', '2018-04-21', '04:33:52', '2', 'PENDENTE');
INSERT INTO `d_chamados` (`id`, `obs`, `data`, `horas`, `id_sala`, `id_usuario`, `status`, `datares`, `horasres`, `id_usuariores`, `solucao`) VALUES ('238', 'EWWR', '2018-04-21', '04:33:49', '51', '2', '1', '2018-04-21', '04:42:15', '2', 'PENDENTE');
INSERT INTO `d_chamados` (`id`, `obs`, `data`, `horas`, `id_sala`, `id_usuario`, `status`, `datares`, `horasres`, `id_usuariores`, `solucao`) VALUES ('242', 'qwe', '2018-04-21', '04:50:03', '51', '2', '1', '2018-04-21', '04:50:07', '2', 'dfdfdssssd');
INSERT INTO `d_chamados` (`id`, `obs`, `data`, `horas`, `id_sala`, `id_usuario`, `status`, `datares`, `horasres`, `id_usuariores`, `solucao`) VALUES ('243', 'colocar pc no domínio', '2018-04-21', '04:51:26', '41', '2', '1', '2018-04-21', '04:51:29', '2', 'ok');
INSERT INTO `d_chamados` (`id`, `obs`, `data`, `horas`, `id_sala`, `id_usuario`, `status`, `datares`, `horasres`, `id_usuariores`, `solucao`) VALUES ('244', 'qwerr', '2018-04-21', '04:52:03', '51', '2', '1', '2018-04-21', '04:54:51', '2', 'dsf');
INSERT INTO `d_chamados` (`id`, `obs`, `data`, `horas`, `id_sala`, `id_usuario`, `status`, `datares`, `horasres`, `id_usuariores`, `solucao`) VALUES ('245', 'Dot', '2018-04-21', '05:48:51', '51', '2', '1', '2018-04-21', '05:49:53', '2', 'Dotf');
INSERT INTO `d_chamados` (`id`, `obs`, `data`, `horas`, `id_sala`, `id_usuario`, `status`, `datares`, `horasres`, `id_usuariores`, `solucao`) VALUES ('246', 'Sábado  acordei 4', '2018-04-21', '16:02:58', '51', '2', '1', '2018-04-21', '16:03:33', '2', 'Dormir mais cedo');
INSERT INTO `d_chamados` (`id`, `obs`, `data`, `horas`, `id_sala`, `id_usuario`, `status`, `datares`, `horasres`, `id_usuariores`, `solucao`) VALUES ('247', 'Teste', '2018-04-22', '18:58:46', '51', '2', '1', '2018-04-22', '18:58:52', '2', 'Sndhdhd');
INSERT INTO `d_chamados` (`id`, `obs`, `data`, `horas`, `id_sala`, `id_usuario`, `status`, `datares`, `horasres`, `id_usuariores`, `solucao`) VALUES ('248', 'Instalar imposto de renda 2018', '2018-04-23', '14:48:40', '65', '2', '1', '2018-04-23', '14:48:44', '2', 'Instalei ');
INSERT INTO `d_chamados` (`id`, `obs`, `data`, `horas`, `id_sala`, `id_usuario`, `status`, `datares`, `horasres`, `id_usuariores`, `solucao`) VALUES ('249', 'Telefone', '2018-04-23', '15:25:00', '52', '2', '1', '2018-04-23', '15:26:40', '2', 'Tirei e coloquei o Cabo de Telefone ');
INSERT INTO `d_chamados` (`id`, `obs`, `data`, `horas`, `id_sala`, `id_usuario`, `status`, `datares`, `horasres`, `id_usuariores`, `solucao`) VALUES ('250', 'Precisa de Adaptador vga para dois monitores.', '2018-04-23', '15:38:08', '41', '2', '1', '2018-04-25', '14:16:51', '2', 'Foi colocado o que estava na sala da biblioteca infantil');
INSERT INTO `d_chamados` (`id`, `obs`, `data`, `horas`, `id_sala`, `id_usuario`, `status`, `datares`, `horasres`, `id_usuariores`, `solucao`) VALUES ('251', 'Instalar Google Earth', '2018-04-23', '18:27:24', '22', '2', '1', '2018-04-23', '19:15:34', '2', 'Instalei ');
INSERT INTO `d_chamados` (`id`, `obs`, `data`, `horas`, `id_sala`, `id_usuario`, `status`, `datares`, `horasres`, `id_usuariores`, `solucao`) VALUES ('252', 'Instalar Google Earth', '2018-04-23', '18:28:09', '14', '2', '1', '2018-04-23', '19:08:21', '2', 'Instalei ');
INSERT INTO `d_chamados` (`id`, `obs`, `data`, `horas`, `id_sala`, `id_usuario`, `status`, `datares`, `horasres`, `id_usuariores`, `solucao`) VALUES ('253', 'Instalar Google Earth', '2018-04-23', '18:29:03', '15', '2', '1', '2018-04-23', '19:03:58', '2', 'Instalei ');
INSERT INTO `d_chamados` (`id`, `obs`, `data`, `horas`, `id_sala`, `id_usuario`, `status`, `datares`, `horasres`, `id_usuariores`, `solucao`) VALUES ('254', 'Instalar Google Earth', '2018-04-23', '18:30:06', '17', '2', '1', '2018-04-23', '18:51:22', '2', 'Instalado');
INSERT INTO `d_chamados` (`id`, `obs`, `data`, `horas`, `id_sala`, `id_usuario`, `status`, `datares`, `horasres`, `id_usuariores`, `solucao`) VALUES ('255', 'Instalar Google Earth', '2018-04-23', '18:30:36', '18', '2', '1', '2018-04-23', '19:51:16', '2', 'Instalei ');
INSERT INTO `d_chamados` (`id`, `obs`, `data`, `horas`, `id_sala`, `id_usuario`, `status`, `datares`, `horasres`, `id_usuariores`, `solucao`) VALUES ('256', 'Tranca do armário  ', '2018-04-23', '19:24:47', '20', '2', '0', '0000-00-00', '00:00:00', '0', 'PENDENTE');
INSERT INTO `d_chamados` (`id`, `obs`, `data`, `horas`, `id_sala`, `id_usuario`, `status`, `datares`, `horasres`, `id_usuariores`, `solucao`) VALUES ('257', 'Barra de tarefa desconfigurada', '2018-04-23', '19:56:33', '76', '2', '1', '2018-04-23', '19:56:37', '2', 'Retirei a barra de idiomas');
INSERT INTO `d_chamados` (`id`, `obs`, `data`, `horas`, `id_sala`, `id_usuario`, `status`, `datares`, `horasres`, `id_usuariores`, `solucao`) VALUES ('258', 'Sem internet.\r\nporta: PT-2-1-189', '2018-04-23', '20:08:52', '77', '2', '0', '0000-00-00', '00:00:00', '0', 'PENDENTE');
INSERT INTO `d_chamados` (`id`, `obs`, `data`, `horas`, `id_sala`, `id_usuario`, `status`, `datares`, `horasres`, `id_usuariores`, `solucao`) VALUES ('259', 'teste', '2018-04-24', '00:13:01', '51', '2', '1', '2018-04-24', '00:13:07', '2', 'teste');
INSERT INTO `d_chamados` (`id`, `obs`, `data`, `horas`, `id_sala`, `id_usuario`, `status`, `datares`, `horasres`, `id_usuariores`, `solucao`) VALUES ('260', 'Não conecta ao RM', '2018-04-24', '14:01:14', '48', '2', '1', '2018-04-24', '14:10:07', '2', 'Abrir Conexões de remoteapp > remover.\r\nE instalei novamente o rm');
INSERT INTO `d_chamados` (`id`, `obs`, `data`, `horas`, `id_sala`, `id_usuario`, `status`, `datares`, `horasres`, `id_usuariores`, `solucao`) VALUES ('261', 'Não imprime', '2018-04-24', '15:56:41', '64', '2', '1', '2018-04-24', '16:00:12', '2', 'Adicionei a impressora OKI');
INSERT INTO `d_chamados` (`id`, `obs`, `data`, `horas`, `id_sala`, `id_usuario`, `status`, `datares`, `horasres`, `id_usuariores`, `solucao`) VALUES ('262', 'Adaptador vga para 2 monitores', '2018-04-25', '14:18:02', '39', '2', '1', '2018-04-26', '16:47:27', '2', 'Coloquei o adaptador');
INSERT INTO `d_chamados` (`id`, `obs`, `data`, `horas`, `id_sala`, `id_usuario`, `status`, `datares`, `horasres`, `id_usuariores`, `solucao`) VALUES ('263', 'Sem internet', '2018-04-25', '15:24:23', '11', '2', '1', '2018-04-25', '15:39:41', '2', 'Ok');
INSERT INTO `d_chamados` (`id`, `obs`, `data`, `horas`, `id_sala`, `id_usuario`, `status`, `datares`, `horasres`, `id_usuariores`, `solucao`) VALUES ('264', 'Sem internet.\n\nPt-1-3-119.\nPt-1-3-120.\n', '2018-04-25', '15:26:30', '11', '2', '1', '2018-04-25', '15:39:10', '2', 'Troquei o patch cord ');
INSERT INTO `d_chamados` (`id`, `obs`, `data`, `horas`, `id_sala`, `id_usuario`, `status`, `datares`, `horasres`, `id_usuariores`, `solucao`) VALUES ('265', 'Mouse não funciona ', '2018-04-25', '15:39:05', '8', '2', '1', '2018-04-26', '16:46:01', '2', 'Troquei uma pilha AA do mouse ');
INSERT INTO `d_chamados` (`id`, `obs`, `data`, `horas`, `id_sala`, `id_usuario`, `status`, `datares`, `horasres`, `id_usuariores`, `solucao`) VALUES ('266', 'Instalar tracker, algodoo, meulegal.', '2018-04-25', '16:18:35', '78', '2', '1', '2018-04-26', '16:31:23', '2', 'Foi instalado os programas, menos o meulegal');
INSERT INTO `d_chamados` (`id`, `obs`, `data`, `horas`, `id_sala`, `id_usuario`, `status`, `datares`, `horasres`, `id_usuariores`, `solucao`) VALUES ('267', 'Tv sem internet.\r\nPT-2-40-49', '2018-04-25', '16:34:57', '79', '2', '1', '2018-04-27', '16:42:11', '2', 'Foi configurado o ponto de rede para lan\n 1021');
INSERT INTO `d_chamados` (`id`, `obs`, `data`, `horas`, `id_sala`, `id_usuario`, `status`, `datares`, `horasres`, `id_usuariores`, `solucao`) VALUES ('268', 'Trocar tela do projetor', '2018-04-25', '16:51:38', '32', '2', '1', '2018-06-21', '18:27:14', '2', 'Ok');
INSERT INTO `d_chamados` (`id`, `obs`, `data`, `horas`, `id_sala`, `id_usuario`, `status`, `datares`, `horasres`, `id_usuariores`, `solucao`) VALUES ('269', 'Troca do pc', '2018-04-26', '16:27:16', '78', '2', '1', '2018-04-26', '16:32:12', '2', 'Troquei');
INSERT INTO `d_chamados` (`id`, `obs`, `data`, `horas`, `id_sala`, `id_usuario`, `status`, `datares`, `horasres`, `id_usuariores`, `solucao`) VALUES ('270', 'Instalar o programa gimp', '2018-04-26', '16:27:33', '78', '2', '1', '2018-04-26', '16:32:23', '2', 'Instalado');
INSERT INTO `d_chamados` (`id`, `obs`, `data`, `horas`, `id_sala`, `id_usuario`, `status`, `datares`, `horasres`, `id_usuariores`, `solucao`) VALUES ('271', 'Instalar telefone', '2018-04-27', '20:41:36', '44', '2', '1', '2018-06-22', '17:01:02', '2', 'ok');
INSERT INTO `d_chamados` (`id`, `obs`, `data`, `horas`, `id_sala`, `id_usuario`, `status`, `datares`, `horasres`, `id_usuariores`, `solucao`) VALUES ('272', 'Problema no som', '2018-05-02', '16:50:46', '22', '2', '1', '2018-05-02', '16:50:49', '2', 'Troca do pc');
INSERT INTO `d_chamados` (`id`, `obs`, `data`, `horas`, `id_sala`, `id_usuario`, `status`, `datares`, `horasres`, `id_usuariores`, `solucao`) VALUES ('273', 'Mouse não funciona ', '2018-05-03', '18:51:29', '41', '2', '1', '2018-05-03', '18:51:35', '2', 'Troca de duas pilhas AA');
INSERT INTO `d_chamados` (`id`, `obs`, `data`, `horas`, `id_sala`, `id_usuario`, `status`, `datares`, `horasres`, `id_usuariores`, `solucao`) VALUES ('274', 'organização dos cabos', '2018-05-03', '18:52:15', '62', '2', '1', '2018-05-03', '18:52:17', '2', 'ok');
INSERT INTO `d_chamados` (`id`, `obs`, `data`, `horas`, `id_sala`, `id_usuario`, `status`, `datares`, `horasres`, `id_usuariores`, `solucao`) VALUES ('275', 'Dvd com a tampa travando', '2018-05-04', '13:44:10', '39', '2', '1', '2018-05-04', '13:45:45', '2', 'Triquei o dvd pelo que estava no auditório ');
INSERT INTO `d_chamados` (`id`, `obs`, `data`, `horas`, `id_sala`, `id_usuario`, `status`, `datares`, `horasres`, `id_usuariores`, `solucao`) VALUES ('276', 'Cabo de áudio p2 p10', '2018-05-04', '20:03:42', '80', '2', '1', '2018-05-04', '20:03:45', '2', 'Cabo feito e instalado ');
INSERT INTO `d_chamados` (`id`, `obs`, `data`, `horas`, `id_sala`, `id_usuario`, `status`, `datares`, `horasres`, `id_usuariores`, `solucao`) VALUES ('277', 'RM travado', '2018-05-07', '14:38:26', '81', '2', '1', '2018-05-07', '14:38:29', '2', 'Derrubei o usuário do rm');
INSERT INTO `d_chamados` (`id`, `obs`, `data`, `horas`, `id_sala`, `id_usuario`, `status`, `datares`, `horasres`, `id_usuariores`, `solucao`) VALUES ('278', 'Cabo do telefone com mau contato.', '2018-05-07', '14:40:17', '52', '2', '1', '2018-05-07', '14:40:50', '2', 'Inverte a ligação do cabo do telefone');
INSERT INTO `d_chamados` (`id`, `obs`, `data`, `horas`, `id_sala`, `id_usuario`, `status`, `datares`, `horasres`, `id_usuariores`, `solucao`) VALUES ('279', 'Nada liga', '2018-05-07', '15:46:26', '12', '2', '1', '2018-05-07', '15:46:28', '2', 'Filtro de linha desligado ');
INSERT INTO `d_chamados` (`id`, `obs`, `data`, `horas`, `id_sala`, `id_usuario`, `status`, `datares`, `horasres`, `id_usuariores`, `solucao`) VALUES ('280', 'Excluir o certificado 10.20.0.1 com validade 2022', '2018-05-07', '16:05:04', '82', '2', '1', '2018-05-07', '16:05:06', '2', 'Excluído\r\n');
INSERT INTO `d_chamados` (`id`, `obs`, `data`, `horas`, `id_sala`, `id_usuario`, `status`, `datares`, `horasres`, `id_usuariores`, `solucao`) VALUES ('281', 'Alterar para faixa de ip 1021', '2018-05-07', '16:05:47', '82', '2', '1', '2018-05-07', '16:59:42', '2', 'No momento não sera trocado o ip');
INSERT INTO `d_chamados` (`id`, `obs`, `data`, `horas`, `id_sala`, `id_usuario`, `status`, `datares`, `horasres`, `id_usuariores`, `solucao`) VALUES ('282', 'Porta pt -2-1-104', '2018-05-07', '16:09:20', '82', '2', '1', '2018-05-07', '16:59:20', '2', 'Não foi trocado o ip');
INSERT INTO `d_chamados` (`id`, `obs`, `data`, `horas`, `id_sala`, `id_usuario`, `status`, `datares`, `horasres`, `id_usuariores`, `solucao`) VALUES ('283', 'Deletar certificado 10.20.0.1 com validade 2022 e alterar para faixa de ip 1021', '2018-05-07', '16:17:02', '83', '2', '1', '2018-05-07', '16:58:56', '2', 'Certificado excluído e no momento não sera trocado o ip');
INSERT INTO `d_chamados` (`id`, `obs`, `data`, `horas`, `id_sala`, `id_usuario`, `status`, `datares`, `horasres`, `id_usuariores`, `solucao`) VALUES ('284', 'PT-2-1-102', '2018-05-07', '16:19:51', '83', '2', '1', '2018-05-07', '16:58:40', '2', 'No momento não trocara o ip');
INSERT INTO `d_chamados` (`id`, `obs`, `data`, `horas`, `id_sala`, `id_usuario`, `status`, `datares`, `horasres`, `id_usuariores`, `solucao`) VALUES ('285', 'Excluir certificado 10.20.0.1 validade 2022', '2018-05-07', '16:41:35', '84', '2', '1', '2018-05-07', '16:42:52', '2', 'Excluído.\r\n');
INSERT INTO `d_chamados` (`id`, `obs`, `data`, `horas`, `id_sala`, `id_usuario`, `status`, `datares`, `horasres`, `id_usuariores`, `solucao`) VALUES ('286', 'Excluir certificado 10.20.0.1 validade 2022', '2018-05-07', '16:58:12', '66', '2', '1', '2018-05-07', '16:58:25', '2', 'Excluído');
INSERT INTO `d_chamados` (`id`, `obs`, `data`, `horas`, `id_sala`, `id_usuario`, `status`, `datares`, `horasres`, `id_usuariores`, `solucao`) VALUES ('287', 'Excluir certificado 10.20.0.1 validade 2022', '2018-05-07', '17:29:51', '85', '2', '1', '2018-05-07', '17:29:53', '2', 'excluído');
INSERT INTO `d_chamados` (`id`, `obs`, `data`, `horas`, `id_sala`, `id_usuario`, `status`, `datares`, `horasres`, `id_usuariores`, `solucao`) VALUES ('288', 'RM travado', '2018-05-07', '19:01:52', '81', '2', '1', '2018-05-07', '19:03:07', '2', 'Derrubei o usuário');
INSERT INTO `d_chamados` (`id`, `obs`, `data`, `horas`, `id_sala`, `id_usuario`, `status`, `datares`, `horasres`, `id_usuariores`, `solucao`) VALUES ('289', 'Ajustar projetor', '2018-05-09', '16:58:44', '12', '2', '1', '2018-05-10', '21:11:50', '2', 'Ajustei');
INSERT INTO `d_chamados` (`id`, `obs`, `data`, `horas`, `id_sala`, `id_usuario`, `status`, `datares`, `horasres`, `id_usuariores`, `solucao`) VALUES ('290', 'Sem controle do projetor.\r\n\r\nProfessor da noite me avisou, que o controle do projetor não se encontrava no armário.', '2018-05-09', '20:32:29', '27', '2', '0', '0000-00-00', '00:00:00', '0', 'PENDENTE');
INSERT INTO `d_chamados` (`id`, `obs`, `data`, `horas`, `id_sala`, `id_usuario`, `status`, `datares`, `horasres`, `id_usuariores`, `solucao`) VALUES ('291', 'Derrubar do totvs', '2018-05-10', '17:16:05', '95', '2', '1', '2018-05-11', '15:43:02', '2', 'ok');
INSERT INTO `d_chamados` (`id`, `obs`, `data`, `horas`, `id_sala`, `id_usuario`, `status`, `datares`, `horasres`, `id_usuariores`, `solucao`) VALUES ('292', 'configurar projetor', '2018-05-14', '07:17:45', '32', '2', '1', '2018-06-21', '18:26:54', '2', 'ok');
INSERT INTO `d_chamados` (`id`, `obs`, `data`, `horas`, `id_sala`, `id_usuario`, `status`, `datares`, `horasres`, `id_usuariores`, `solucao`) VALUES ('293', 'Configurar conecsa na Central de atendimento ', '2018-05-14', '08:54:04', '66', '2', '0', '0000-00-00', '00:00:00', '0', 'PENDENTE');
INSERT INTO `d_chamados` (`id`, `obs`, `data`, `horas`, `id_sala`, `id_usuario`, `status`, `datares`, `horasres`, `id_usuariores`, `solucao`) VALUES ('294', 'extensor usb', '2018-05-14', '10:23:14', '21', '2', '1', '2018-05-23', '14:13:12', '2', 'troquei de porta usb\r\n');
INSERT INTO `d_chamados` (`id`, `obs`, `data`, `horas`, `id_sala`, `id_usuario`, `status`, `datares`, `horasres`, `id_usuariores`, `solucao`) VALUES ('295', 'Projetor com imagem cortada', '2018-06-07', '16:12:07', '14', '2', '1', '2018-06-07', '21:21:46', '2', 'Ajuste nas configurações do projetor');
INSERT INTO `d_chamados` (`id`, `obs`, `data`, `horas`, `id_sala`, `id_usuario`, `status`, `datares`, `horasres`, `id_usuariores`, `solucao`) VALUES ('296', 'Controle do projetor', '2018-06-07', '16:13:03', '21', '2', '1', '2018-06-07', '21:21:35', '2', 'Troca das pilhas');
INSERT INTO `d_chamados` (`id`, `obs`, `data`, `horas`, `id_sala`, `id_usuario`, `status`, `datares`, `horasres`, `id_usuariores`, `solucao`) VALUES ('297', 'Extensão usb', '2018-06-07', '16:13:23', '21', '2', '1', '2018-06-07', '18:11:57', '2', 'troquei');
INSERT INTO `d_chamados` (`id`, `obs`, `data`, `horas`, `id_sala`, `id_usuario`, `status`, `datares`, `horasres`, `id_usuariores`, `solucao`) VALUES ('298', 'Computador lento e com falhas no áudio', '2018-06-12', '18:19:24', '8', '2', '1', '2018-06-12', '18:19:27', '2', 'Troquei o computador');
INSERT INTO `d_chamados` (`id`, `obs`, `data`, `horas`, `id_sala`, `id_usuario`, `status`, `datares`, `horasres`, `id_usuariores`, `solucao`) VALUES ('299', 'Projetor', '2018-06-14', '15:58:35', '21', '2', '1', '2018-06-14', '20:13:57', '2', 'Troquei o projetor, colocando o q estava no laboratório de física ');
INSERT INTO `d_chamados` (`id`, `obs`, `data`, `horas`, `id_sala`, `id_usuario`, `status`, `datares`, `horasres`, `id_usuariores`, `solucao`) VALUES ('300', 'Projetor', '2018-06-14', '15:58:50', '78', '2', '1', '2018-06-14', '20:14:37', '2', 'Troquei o projetor, coloquei o que estava na Darcy Ribeiro ');
INSERT INTO `d_chamados` (`id`, `obs`, `data`, `horas`, `id_sala`, `id_usuario`, `status`, `datares`, `horasres`, `id_usuariores`, `solucao`) VALUES ('301', 'Projetor com imagem cortada', '2018-06-15', '19:32:48', '14', '2', '0', '0000-00-00', '00:00:00', '0', 'PENDENTE');
INSERT INTO `d_chamados` (`id`, `obs`, `data`, `horas`, `id_sala`, `id_usuario`, `status`, `datares`, `horasres`, `id_usuariores`, `solucao`) VALUES ('302', 'Projetor com problemas', '2018-06-18', '20:28:31', '15', '2', '0', '0000-00-00', '00:00:00', '0', 'PENDENTE');
INSERT INTO `d_chamados` (`id`, `obs`, `data`, `horas`, `id_sala`, `id_usuario`, `status`, `datares`, `horasres`, `id_usuariores`, `solucao`) VALUES ('303', 'Configurar impressora', '2018-06-20', '19:54:06', '72', '2', '1', '2018-06-20', '19:55:36', '2', 'Impressora configurada no servidor de impressoras');
INSERT INTO `d_chamados` (`id`, `obs`, `data`, `horas`, `id_sala`, `id_usuario`, `status`, `datares`, `horasres`, `id_usuariores`, `solucao`) VALUES ('304', 'Troca do pc', '2018-06-21', '18:42:36', '17', '2', '1', '2018-06-21', '20:11:04', '2', 'Troquei');
INSERT INTO `d_chamados` (`id`, `obs`, `data`, `horas`, `id_sala`, `id_usuario`, `status`, `datares`, `horasres`, `id_usuariores`, `solucao`) VALUES ('305', 'Ajustar projetor', '2018-06-21', '18:43:37', '17', '2', '1', '2018-06-21', '20:10:56', '2', 'OK');
INSERT INTO `d_chamados` (`id`, `obs`, `data`, `horas`, `id_sala`, `id_usuario`, `status`, `datares`, `horasres`, `id_usuariores`, `solucao`) VALUES ('306', 'Extensor Usb', '2018-06-21', '19:34:58', '17', '2', '1', '2018-06-21', '20:10:46', '2', 'Troquei');
INSERT INTO `d_chamados` (`id`, `obs`, `data`, `horas`, `id_sala`, `id_usuario`, `status`, `datares`, `horasres`, `id_usuariores`, `solucao`) VALUES ('307', 'áudio ', '2018-06-22', '17:05:35', '2', '2', '1', '2018-06-22', '17:51:08', '2', 'refiz os conectores de áudio ');
INSERT INTO `d_chamados` (`id`, `obs`, `data`, `horas`, `id_sala`, `id_usuario`, `status`, `datares`, `horasres`, `id_usuariores`, `solucao`) VALUES ('308', 'Instalar firefox, adobe reader e flash', '2018-06-22', '18:38:54', '16', '2', '1', '2018-06-22', '20:05:04', '2', 'Programas instalados ');
INSERT INTO `d_chamados` (`id`, `obs`, `data`, `horas`, `id_sala`, `id_usuario`, `status`, `datares`, `horasres`, `id_usuariores`, `solucao`) VALUES ('309', 'Sem internet', '2018-06-22', '18:39:33', '42', '2', '1', '2018-06-27', '20:16:01', '5', 'A internet está funcionando');
INSERT INTO `d_chamados` (`id`, `obs`, `data`, `horas`, `id_sala`, `id_usuario`, `status`, `datares`, `horasres`, `id_usuariores`, `solucao`) VALUES ('310', 'Sem internet ', '2018-06-25', '20:49:17', '34', '2', '1', '2018-06-25', '20:49:21', '2', 'Tirei e coloquei novamente o cabo de rede');
INSERT INTO `d_chamados` (`id`, `obs`, `data`, `horas`, `id_sala`, `id_usuario`, `status`, `datares`, `horasres`, `id_usuariores`, `solucao`) VALUES ('311', 'sem internet ', '2018-06-29', '17:02:50', '94', '2', '1', '2018-06-29', '17:02:53', '2', 'configurei pra rede 1022');
INSERT INTO `d_chamados` (`id`, `obs`, `data`, `horas`, `id_sala`, `id_usuario`, `status`, `datares`, `horasres`, `id_usuariores`, `solucao`) VALUES ('312', 'Caiu a tela do projetor', '2018-07-03', '14:22:36', '99', '2', '0', '0000-00-00', '00:00:00', '0', 'PENDENTE');
INSERT INTO `d_chamados` (`id`, `obs`, `data`, `horas`, `id_sala`, `id_usuario`, `status`, `datares`, `horasres`, `id_usuariores`, `solucao`) VALUES ('313', 'Sem Internet', '2018-07-03', '15:20:27', '100', '2', '0', '0000-00-00', '00:00:00', '0', 'PENDENTE');
INSERT INTO `d_chamados` (`id`, `obs`, `data`, `horas`, `id_sala`, `id_usuario`, `status`, `datares`, `horasres`, `id_usuariores`, `solucao`) VALUES ('314', 'Atualizar  o flash', '2018-07-03', '15:21:37', '26', '2', '0', '0000-00-00', '00:00:00', '0', 'PENDENTE');
INSERT INTO `d_chamados` (`id`, `obs`, `data`, `horas`, `id_sala`, `id_usuario`, `status`, `datares`, `horasres`, `id_usuariores`, `solucao`) VALUES ('315', 'Atualizar  o flash', '2018-07-03', '15:22:03', '34', '2', '1', '2018-07-09', '16:17:39', '5', 'ok');
INSERT INTO `d_chamados` (`id`, `obs`, `data`, `horas`, `id_sala`, `id_usuario`, `status`, `datares`, `horasres`, `id_usuariores`, `solucao`) VALUES ('316', 'RM travado', '2018-07-04', '15:44:16', '81', '2', '1', '2018-07-04', '15:44:19', '2', 'Desconectei o usuário');
INSERT INTO `d_chamados` (`id`, `obs`, `data`, `horas`, `id_sala`, `id_usuario`, `status`, `datares`, `horasres`, `id_usuariores`, `solucao`) VALUES ('317', 'Teclado e mouse nao funcionam', '2018-07-26', '18:29:03', '31', '2', '0', '0000-00-00', '00:00:00', '0', 'PENDENTE');


#
# TABLE STRUCTURE FOR: d_impressoras
#

DROP TABLE IF EXISTS `d_impressoras`;

CREATE TABLE `d_impressoras` (
  `id_impressora` int(11) NOT NULL AUTO_INCREMENT,
  `setor` varchar(30) NOT NULL,
  `modelo_impressora` varchar(50) NOT NULL,
  `numero_serie` varchar(30) NOT NULL,
  `ip_impressora` varchar(15) NOT NULL,
  `nome_impressora` varchar(150) NOT NULL,
  PRIMARY KEY (`id_impressora`)
) ENGINE=MyISAM AUTO_INCREMENT=29 DEFAULT CHARSET=latin1;

INSERT INTO `d_impressoras` (`id_impressora`, `setor`, `modelo_impressora`, `numero_serie`, `ip_impressora`, `nome_impressora`) VALUES ('1', 'secretaria eja', 'RICOH AFICIO SP 3510SF', 'T333QB03253', '10.21.5.240', 'fcv-sec-240');
INSERT INTO `d_impressoras` (`id_impressora`, `setor`, `modelo_impressora`, `numero_serie`, `ip_impressora`, `nome_impressora`) VALUES ('2', 'RH', 'ricoh', 'T333QB03253', '10.21.5.30', 'ctg-rh-030');
INSERT INTO `d_impressoras` (`id_impressora`, `setor`, `modelo_impressora`, `numero_serie`, `ip_impressora`, `nome_impressora`) VALUES ('3', 'Salas de atendimento | Coor. s', 'oki ES5112', 'AK73027067A0', '10.21.5.133', 'ctg-ate-131');
INSERT INTO `d_impressoras` (`id_impressora`, `setor`, `modelo_impressora`, `numero_serie`, `ip_impressora`, `nome_impressora`) VALUES ('4', 'Detec', 'Brother DCP 8065DN', 'F7J460827', '10.21.5.41', 'ctg-tec-041');
INSERT INTO `d_impressoras` (`id_impressora`, `setor`, `modelo_impressora`, `numero_serie`, `ip_impressora`, `nome_impressora`) VALUES ('5', 'Sala de apoio ao professor', 'RICOH AFICIO SP 3510SF', 'T332QA02124', '10.21.5.172', 'ctg-apo-172');
INSERT INTO `d_impressoras` (`id_impressora`, `setor`, `modelo_impressora`, `numero_serie`, `ip_impressora`, `nome_impressora`) VALUES ('6', 'Comunicação EJA', 'KYOCERA ECOSYS M6035cidn', 'V8W7800207', '10.21.5.46', 'fcv-com-046');
INSERT INTO `d_impressoras` (`id_impressora`, `setor`, `modelo_impressora`, `numero_serie`, `ip_impressora`, `nome_impressora`) VALUES ('7', 'Gestão Pedagógica | Supervisão', 'RICOH Aficio SP 3500SF', 'T335QA11419', '10.21.5.252', 'fcv-gep-252');
INSERT INTO `d_impressoras` (`id_impressora`, `setor`, `modelo_impressora`, `numero_serie`, `ip_impressora`, `nome_impressora`) VALUES ('8', 'Sala de Arquivos', 'AFICIO MP 171', 'V4518900573', '10.21.5.47', 'ctg-arq-047');
INSERT INTO `d_impressoras` (`id_impressora`, `setor`, `modelo_impressora`, `numero_serie`, `ip_impressora`, `nome_impressora`) VALUES ('9', 'Diretoria Frei Carlos Vicunã', 'HL-5350 DN series', 'A0J493147', '10.21.5.45', 'fcv-dir-045');
INSERT INTO `d_impressoras` (`id_impressora`, `setor`, `modelo_impressora`, `numero_serie`, `ip_impressora`, `nome_impressora`) VALUES ('10', 'Analistas | Médio', 'Brother hl-52', 'H8J736724', '10.21.5.130', 'ctg-anl-130');
INSERT INTO `d_impressoras` (`id_impressora`, `setor`, `modelo_impressora`, `numero_serie`, `ip_impressora`, `nome_impressora`) VALUES ('11', 'Supervisão fundamental I', 'Brother hl-5250dn', 'J7J278065', '10.21.5.177', 'ctg-fd2-177');
INSERT INTO `d_impressoras` (`id_impressora`, `setor`, `modelo_impressora`, `numero_serie`, `ip_impressora`, `nome_impressora`) VALUES ('12', 'Supervisão Infantil', 'Brother hl-5250dn', 'H8J736440', '10.21.5.174', 'ctg-inf-174');
INSERT INTO `d_impressoras` (`id_impressora`, `setor`, `modelo_impressora`, `numero_serie`, `ip_impressora`, `nome_impressora`) VALUES ('13', 'Biblioteca', 'KYOCERA M2040DN', 'VR97614245', 'ATUALIZAR', 'ctg-bib-180');
INSERT INTO `d_impressoras` (`id_impressora`, `setor`, `modelo_impressora`, `numero_serie`, `ip_impressora`, `nome_impressora`) VALUES ('14', 'ACHAR', 'ACHAR', 'ACHAR', 'ACHAR', 'ACHAR | ctg-as-134');
INSERT INTO `d_impressoras` (`id_impressora`, `setor`, `modelo_impressora`, `numero_serie`, `ip_impressora`, `nome_impressora`) VALUES ('15', 'ACHAR', 'ACHAR', 'ACHAR', 'ACHAR', 'ACHAR | ctg-asf-133');
INSERT INTO `d_impressoras` (`id_impressora`, `setor`, `modelo_impressora`, `numero_serie`, `ip_impressora`, `nome_impressora`) VALUES ('16', 'Comunicação Lorrayne', 'BROTHER 4040CN', 'U61778K7J200569', '10.21.5.132', 'ctg-com-132');
INSERT INTO `d_impressoras` (`id_impressora`, `setor`, `modelo_impressora`, `numero_serie`, `ip_impressora`, `nome_impressora`) VALUES ('17', 'Educação física | Petrônio', 'Brother MFC 8480DN', 'B0J334258', '10.21.5.43', 'ctg-edf-043');
INSERT INTO `d_impressoras` (`id_impressora`, `setor`, `modelo_impressora`, `numero_serie`, `ip_impressora`, `nome_impressora`) VALUES ('18', 'Supervisão fundamental II', 'Brother HL 5250 DN', 'H8J736727', '10.21.5.136', 'ctg-fd2-136');
INSERT INTO `d_impressoras` (`id_impressora`, `setor`, `modelo_impressora`, `numero_serie`, `ip_impressora`, `nome_impressora`) VALUES ('19', 'Gestão Financeira', 'RICOH AFICIO SP 3510SF', 'ACHAR', '10.21.5.235', 'ctg-gef-235');
INSERT INTO `d_impressoras` (`id_impressora`, `setor`, `modelo_impressora`, `numero_serie`, `ip_impressora`, `nome_impressora`) VALUES ('20', 'Gestão Pedagógica', 'Brother HL 5250 DN', 'B1J956683', '10.21.5.176', 'ctg-gp-176');
INSERT INTO `d_impressoras` (`id_impressora`, `setor`, `modelo_impressora`, `numero_serie`, `ip_impressora`, `nome_impressora`) VALUES ('21', 'Reprografia | Flávio', 'ATUALIZAR', 'ATUALIZAR', '10.21.5.166', 'ctg-rep-166');
INSERT INTO `d_impressoras` (`id_impressora`, `setor`, `modelo_impressora`, `numero_serie`, `ip_impressora`, `nome_impressora`) VALUES ('22', 'Reprografia | Flávio', 'ATUALIZAR', 'ATUALIZAR', '10.21.5.165', 'ctg-rp-165');
INSERT INTO `d_impressoras` (`id_impressora`, `setor`, `modelo_impressora`, `numero_serie`, `ip_impressora`, `nome_impressora`) VALUES ('23', 'Reprografia | Flávio', 'ATUALIZAR', 'ATUALIZAR', '10.21.5.167', 'ctg-rp-167');
INSERT INTO `d_impressoras` (`id_impressora`, `setor`, `modelo_impressora`, `numero_serie`, `ip_impressora`, `nome_impressora`) VALUES ('24', 'Secretaria', 'ATUALIZAR', 'ATUALIZAR', '10.21.5.171', 'ctg-sec-171');
INSERT INTO `d_impressoras` (`id_impressora`, `setor`, `modelo_impressora`, `numero_serie`, `ip_impressora`, `nome_impressora`) VALUES ('25', 'Supervisão Ensino médio', 'ATUALIZAR', 'ACHAR', '10.21.5.221', 'ctg-sem-221');
INSERT INTO `d_impressoras` (`id_impressora`, `setor`, `modelo_impressora`, `numero_serie`, `ip_impressora`, `nome_impressora`) VALUES ('26', 'ACHAR', 'ACHAR', 'ACHAR', '10.21.5.175', 'ACHAR | ctg-si-175');
INSERT INTO `d_impressoras` (`id_impressora`, `setor`, `modelo_impressora`, `numero_serie`, `ip_impressora`, `nome_impressora`) VALUES ('27', 'Tesouraria', 'RICOH AFICIO SP 3510SF', 'ATUALIZAR', '10.21.5.048', 'ctg-tes-048');
INSERT INTO `d_impressoras` (`id_impressora`, `setor`, `modelo_impressora`, `numero_serie`, `ip_impressora`, `nome_impressora`) VALUES ('28', 'Assistência Social', 'RICOH AFICIO SP 3510SF', 'ATUALIZAR', '10.21.5.40', 'fcv-ass-040');


#
# TABLE STRUCTURE FOR: d_pontos
#

DROP TABLE IF EXISTS `d_pontos`;

CREATE TABLE `d_pontos` (
  `id_ponto` int(11) NOT NULL AUTO_INCREMENT,
  `data` date NOT NULL,
  `entrada` varchar(50) NOT NULL,
  `saida` varchar(50) NOT NULL,
  `diferenca_horas` varchar(150) NOT NULL,
  `obs` text NOT NULL,
  `id_usuario` int(11) NOT NULL,
  PRIMARY KEY (`id_ponto`)
) ENGINE=MyISAM AUTO_INCREMENT=3 DEFAULT CHARSET=latin1;

INSERT INTO `d_pontos` (`id_ponto`, `data`, `entrada`, `saida`, `diferenca_horas`, `obs`, `id_usuario`) VALUES ('1', '2018-07-24', '10:09', '19:00', '', '', '2');
INSERT INTO `d_pontos` (`id_ponto`, `data`, `entrada`, `saida`, `diferenca_horas`, `obs`, `id_usuario`) VALUES ('2', '2018-07-25', '13:07', '22:00', '', '', '2');


#
# TABLE STRUCTURE FOR: d_salas
#

DROP TABLE IF EXISTS `d_salas`;

CREATE TABLE `d_salas` (
  `id_sala` int(11) NOT NULL AUTO_INCREMENT,
  `sala` varchar(250) NOT NULL,
  `nome_maquina` varchar(250) NOT NULL,
  `ip` varchar(250) NOT NULL,
  `processador` varchar(250) NOT NULL,
  `memoria` int(11) NOT NULL,
  `memoria_tipo` varchar(100) NOT NULL,
  `sistema` int(11) NOT NULL,
  `hd` float NOT NULL,
  `modelo_hd` varchar(150) NOT NULL,
  `ponto_rede` varchar(15) NOT NULL,
  `switch_ip` varchar(15) NOT NULL,
  `switch_porta` varchar(15) NOT NULL,
  `data` date NOT NULL,
  `id_tipo` int(11) NOT NULL,
  `sistema_operacional` varchar(50) NOT NULL,
  `socket` varchar(150) NOT NULL,
  `perifericos` text NOT NULL,
  `setor` varchar(100) NOT NULL,
  `usuario` varchar(100) NOT NULL,
  `patrimonio` varchar(100) NOT NULL,
  `placa_mae` varchar(100) NOT NULL,
  `monitor` varchar(100) NOT NULL,
  `dominio` int(11) NOT NULL,
  `modelo_projetor` varchar(150) NOT NULL,
  `patrimonio_projetor` varchar(30) NOT NULL,
  `horas_projetor` int(11) DEFAULT NULL,
  PRIMARY KEY (`id_sala`)
) ENGINE=InnoDB AUTO_INCREMENT=101 DEFAULT CHARSET=latin1;

INSERT INTO `d_salas` (`id_sala`, `sala`, `nome_maquina`, `ip`, `processador`, `memoria`, `memoria_tipo`, `sistema`, `hd`, `modelo_hd`, `ponto_rede`, `switch_ip`, `switch_porta`, `data`, `id_tipo`, `sistema_operacional`, `socket`, `perifericos`, `setor`, `usuario`, `patrimonio`, `placa_mae`, `monitor`, `dominio`, `modelo_projetor`, `patrimonio_projetor`, `horas_projetor`) VALUES ('1', '120', 'CTG-SL120', '10.23.3.225', 'INTEL®  CORE™  2 DUO CPU E7500 @ 2.93GHz 2.94 GHz', '2', '', '64', '465', '', 'pt-1-1-055', '', '', '2018-07-26', '1', 'Windows  10 PRO', '', '', 'Fundamental 1', 'ctg.sl120', '', '', '', '0', 's10+', '015240', NULL);
INSERT INTO `d_salas` (`id_sala`, `sala`, `nome_maquina`, `ip`, `processador`, `memoria`, `memoria_tipo`, `sistema`, `hd`, `modelo_hd`, `ponto_rede`, `switch_ip`, `switch_porta`, `data`, `id_tipo`, `sistema_operacional`, `socket`, `perifericos`, `setor`, `usuario`, `patrimonio`, `placa_mae`, `monitor`, `dominio`, `modelo_projetor`, `patrimonio_projetor`, `horas_projetor`) VALUES ('2', '122', 'CTG-SL122', '10.23.0.13', 'Pentium Dual core CPU E5300 @ 2.60GHz 2.60GHz', '2', '', '32', '232', '', 'pt-1-1-044', '', '', '2018-07-26', '1', '', '', '', 'Fundamental 1', 'ctg.sl122', '', '', '', '0', '250d', '015251', NULL);
INSERT INTO `d_salas` (`id_sala`, `sala`, `nome_maquina`, `ip`, `processador`, `memoria`, `memoria_tipo`, `sistema`, `hd`, `modelo_hd`, `ponto_rede`, `switch_ip`, `switch_porta`, `data`, `id_tipo`, `sistema_operacional`, `socket`, `perifericos`, `setor`, `usuario`, `patrimonio`, `placa_mae`, `monitor`, `dominio`, `modelo_projetor`, `patrimonio_projetor`, `horas_projetor`) VALUES ('3', '126', 'CTG-SL126', '10.23.0.14', 'INTEL® PENTIUM® DUAL CPU E2140 @ 1.60GHz 1.60 GHz', '2', '', '32', '74.43', '', 'pt-1-1-036', '', '', '2018-07-26', '1', '', '', '', 'Fundamental 1', 'ctg.sl126', '', '', '', '0', 's10+', '015261', '0');
INSERT INTO `d_salas` (`id_sala`, `sala`, `nome_maquina`, `ip`, `processador`, `memoria`, `memoria_tipo`, `sistema`, `hd`, `modelo_hd`, `ponto_rede`, `switch_ip`, `switch_porta`, `data`, `id_tipo`, `sistema_operacional`, `socket`, `perifericos`, `setor`, `usuario`, `patrimonio`, `placa_mae`, `monitor`, `dominio`, `modelo_projetor`, `patrimonio_projetor`, `horas_projetor`) VALUES ('4', '127', 'CTG-GESTOR-FINANCEIRO', '10.24.2.51', 'INTEL® CORE™ i5-6200 CPU @ 2.30 GHz 2.40GHz', '8', '', '64', '931.5', '', 'pt-1-1-034', '', '', '2018-07-26', '2', '', '', '\r\n', 'amplus', 'ctg.sl127', '', '', '', '0', 's6+', '015283', '0');
INSERT INTO `d_salas` (`id_sala`, `sala`, `nome_maquina`, `ip`, `processador`, `memoria`, `memoria_tipo`, `sistema`, `hd`, `modelo_hd`, `ponto_rede`, `switch_ip`, `switch_porta`, `data`, `id_tipo`, `sistema_operacional`, `socket`, `perifericos`, `setor`, `usuario`, `patrimonio`, `placa_mae`, `monitor`, `dominio`, `modelo_projetor`, `patrimonio_projetor`, `horas_projetor`) VALUES ('5', '130', 'CTG-SL130', '10.23.3.239', 'INTEL®  CORE™  2 DUO CPU E7500 @ 2.93GHz 2.94 GHz', '2', '', '64', '465', '', 'pt-1-1-099', '', '', '2018-07-26', '1', '', '', '', 'Fundamental 1', 'ctg.sl130', '', '', '', '0', 's10+', '0152299', '0');
INSERT INTO `d_salas` (`id_sala`, `sala`, `nome_maquina`, `ip`, `processador`, `memoria`, `memoria_tipo`, `sistema`, `hd`, `modelo_hd`, `ponto_rede`, `switch_ip`, `switch_porta`, `data`, `id_tipo`, `sistema_operacional`, `socket`, `perifericos`, `setor`, `usuario`, `patrimonio`, `placa_mae`, `monitor`, `dominio`, `modelo_projetor`, `patrimonio_projetor`, `horas_projetor`) VALUES ('6', '131', 'CTG-SL131', '10.23.0.11', 'INTEL®  CORE™  2 DUO CPU E7500 @ 2.93GHz 2.94 GHz', '2', '', '64', '465', '', 'pt-1-1-096', '', '', '2018-07-26', '1', '', '', '', 'Fundamental 1', 'ctg.sl131', '015310', '', '', '0', 's10+', '015310', '0');
INSERT INTO `d_salas` (`id_sala`, `sala`, `nome_maquina`, `ip`, `processador`, `memoria`, `memoria_tipo`, `sistema`, `hd`, `modelo_hd`, `ponto_rede`, `switch_ip`, `switch_porta`, `data`, `id_tipo`, `sistema_operacional`, `socket`, `perifericos`, `setor`, `usuario`, `patrimonio`, `placa_mae`, `monitor`, `dominio`, `modelo_projetor`, `patrimonio_projetor`, `horas_projetor`) VALUES ('7', '132', 'CTG-SL132', '10.23.3.229', 'INTEL®  CORE™  2 DUO CPU E7500 @ 2.93GHz 2.94 GHz', '2', '', '64', '465', '', 'pt-1-1-094', '', '', '2018-07-26', '1', '', '', '015321', 'Fundamental 1', 'ctg.sl132', '', '', '', '0', 's8+', '', NULL);
INSERT INTO `d_salas` (`id_sala`, `sala`, `nome_maquina`, `ip`, `processador`, `memoria`, `memoria_tipo`, `sistema`, `hd`, `modelo_hd`, `ponto_rede`, `switch_ip`, `switch_porta`, `data`, `id_tipo`, `sistema_operacional`, `socket`, `perifericos`, `setor`, `usuario`, `patrimonio`, `placa_mae`, `monitor`, `dominio`, `modelo_projetor`, `patrimonio_projetor`, `horas_projetor`) VALUES ('8', '140', 'CTG-SL140', '10.22.3.15', 'i5-3330', '4', '', '64', '700', '', 'pt-1-3-126', '', '', '2018-06-12', '1', 'Windows 10 pro', '', '', 'Fundamental 1', '', '016417', 'MW-H61M-2H', '', '0', '', '', NULL);
INSERT INTO `d_salas` (`id_sala`, `sala`, `nome_maquina`, `ip`, `processador`, `memoria`, `memoria_tipo`, `sistema`, `hd`, `modelo_hd`, `ponto_rede`, `switch_ip`, `switch_porta`, `data`, `id_tipo`, `sistema_operacional`, `socket`, `perifericos`, `setor`, `usuario`, `patrimonio`, `placa_mae`, `monitor`, `dominio`, `modelo_projetor`, `patrimonio_projetor`, `horas_projetor`) VALUES ('9', '141', 'CTC-SL141', '10.20.3.16', 'INTEL®  CORE™  2 DUO CPU E7500 @ 2.93GHz 2.94 GHz', '2', '', '64', '465', '', '', '', '', '0000-00-00', '1', '', '', '', '', '', '', '', '', '0', '', '', NULL);
INSERT INTO `d_salas` (`id_sala`, `sala`, `nome_maquina`, `ip`, `processador`, `memoria`, `memoria_tipo`, `sistema`, `hd`, `modelo_hd`, `ponto_rede`, `switch_ip`, `switch_porta`, `data`, `id_tipo`, `sistema_operacional`, `socket`, `perifericos`, `setor`, `usuario`, `patrimonio`, `placa_mae`, `monitor`, `dominio`, `modelo_projetor`, `patrimonio_projetor`, `horas_projetor`) VALUES ('10', '142', 'CTG-SL142', '10.23.3.17', 'INTEL®  CORE™  2 DUO CPU E7500 @ 2.93GHz 2.94 GHz', '2', '', '64', '465', '', '', '', '', '0000-00-00', '1', '', '', '', '', '', '', '', '', '0', '', '', NULL);
INSERT INTO `d_salas` (`id_sala`, `sala`, `nome_maquina`, `ip`, `processador`, `memoria`, `memoria_tipo`, `sistema`, `hd`, `modelo_hd`, `ponto_rede`, `switch_ip`, `switch_porta`, `data`, `id_tipo`, `sistema_operacional`, `socket`, `perifericos`, `setor`, `usuario`, `patrimonio`, `placa_mae`, `monitor`, `dominio`, `modelo_projetor`, `patrimonio_projetor`, `horas_projetor`) VALUES ('11', '143', '	CTG-SL143	', '	10.20.1.18	', '	INTEL®  CORE™  2 DUO CPU E7500 @ 2.93GHz 2.94 GHz	', '2', '', '64', '465', '', '', '', '', '0000-00-00', '1', '', '', '', '', '', '', '', '', '0', '', '', NULL);
INSERT INTO `d_salas` (`id_sala`, `sala`, `nome_maquina`, `ip`, `processador`, `memoria`, `memoria_tipo`, `sistema`, `hd`, `modelo_hd`, `ponto_rede`, `switch_ip`, `switch_porta`, `data`, `id_tipo`, `sistema_operacional`, `socket`, `perifericos`, `setor`, `usuario`, `patrimonio`, `placa_mae`, `monitor`, `dominio`, `modelo_projetor`, `patrimonio_projetor`, `horas_projetor`) VALUES ('12', '144', 'CTG-SL144', '10.22.1.144', 'i3-2100', '4', '', '64', '465.76', '', 'pt-1-3-118', '10.29.0.9', '16', '2018-07-26', '1', '', '', '\r\n', 'infatil |', 'ctg.sl144', '015396', 'p8h61-M le/br', '', '1', 's8+', '015394', '2168');
INSERT INTO `d_salas` (`id_sala`, `sala`, `nome_maquina`, `ip`, `processador`, `memoria`, `memoria_tipo`, `sistema`, `hd`, `modelo_hd`, `ponto_rede`, `switch_ip`, `switch_porta`, `data`, `id_tipo`, `sistema_operacional`, `socket`, `perifericos`, `setor`, `usuario`, `patrimonio`, `placa_mae`, `monitor`, `dominio`, `modelo_projetor`, `patrimonio_projetor`, `horas_projetor`) VALUES ('13', '145', 'CTG-SL145', '10.20.1.145', 'INTEL®  CORE™  2 DUO CPU E7500 @ 2.93GHz 2.94 GHz', '2', '', '64', '465.76', '', '', '', '', '0000-00-00', '1', '', '', '', '', '', '', '', '', '0', '', '', NULL);
INSERT INTO `d_salas` (`id_sala`, `sala`, `nome_maquina`, `ip`, `processador`, `memoria`, `memoria_tipo`, `sistema`, `hd`, `modelo_hd`, `ponto_rede`, `switch_ip`, `switch_porta`, `data`, `id_tipo`, `sistema_operacional`, `socket`, `perifericos`, `setor`, `usuario`, `patrimonio`, `placa_mae`, `monitor`, `dominio`, `modelo_projetor`, `patrimonio_projetor`, `horas_projetor`) VALUES ('14', '225', 'CTG-SL-225', '10.22.2.225', 'INTEL®  CORE™  2 DUO CPU E7500 @ 2.93GHz 2.93 GHz', '2', '', '64', '465', '', '182', '10.29.0.4', '14', '2018-07-26', '1', 'Windows 10 pro', '', '015095', 'Fundamental 1', 'ctg.sl225', '015097', '', '', '1', 's10+', '', NULL);
INSERT INTO `d_salas` (`id_sala`, `sala`, `nome_maquina`, `ip`, `processador`, `memoria`, `memoria_tipo`, `sistema`, `hd`, `modelo_hd`, `ponto_rede`, `switch_ip`, `switch_porta`, `data`, `id_tipo`, `sistema_operacional`, `socket`, `perifericos`, `setor`, `usuario`, `patrimonio`, `placa_mae`, `monitor`, `dominio`, `modelo_projetor`, `patrimonio_projetor`, `horas_projetor`) VALUES ('15', '226', 'CTG-SL225', '10.23.3.219', 'INTEL®  CORE™  2 DUO CPU E7500 @ 2.93GHz 2.94 GHz', '2', '', '64', '465', '', 'pt-2-1-181', '', '', '2018-07-26', '1', '', '', '015649', 'Fundamental 2', 'ctg.sl226', '', '', '', '0', 'x24+', '', NULL);
INSERT INTO `d_salas` (`id_sala`, `sala`, `nome_maquina`, `ip`, `processador`, `memoria`, `memoria_tipo`, `sistema`, `hd`, `modelo_hd`, `ponto_rede`, `switch_ip`, `switch_porta`, `data`, `id_tipo`, `sistema_operacional`, `socket`, `perifericos`, `setor`, `usuario`, `patrimonio`, `placa_mae`, `monitor`, `dominio`, `modelo_projetor`, `patrimonio_projetor`, `horas_projetor`) VALUES ('16', '227', 'CTG-SL227', '10.23.3.201', 'INTEL®  CORE™  2 DUO CPU E7500 @ 2.93GHz 2.94 GHz', '2', '', '64', '465', '', 'pt-2-1-178', '', '', '2018-07-26', '1', '', '', '015111', 'Fundamental 2', 'ctg.sl227', '', '', '', '0', 's8+', '', NULL);
INSERT INTO `d_salas` (`id_sala`, `sala`, `nome_maquina`, `ip`, `processador`, `memoria`, `memoria_tipo`, `sistema`, `hd`, `modelo_hd`, `ponto_rede`, `switch_ip`, `switch_porta`, `data`, `id_tipo`, `sistema_operacional`, `socket`, `perifericos`, `setor`, `usuario`, `patrimonio`, `placa_mae`, `monitor`, `dominio`, `modelo_projetor`, `patrimonio_projetor`, `horas_projetor`) VALUES ('17', '228', 'CTG-SL228-PC', '10.23.0.27', 'Pentium ® Dual-Core CPU E5400 @ 2.70GHz 2.70 GHz', '2', '', '32', '232.88', '', 'pt-2-1-176', '', '', '2018-07-26', '1', '', '', '015121', 'Fundamental 2', 'ctg.sl228', '', '', '', '0', 's10+', '', NULL);
INSERT INTO `d_salas` (`id_sala`, `sala`, `nome_maquina`, `ip`, `processador`, `memoria`, `memoria_tipo`, `sistema`, `hd`, `modelo_hd`, `ponto_rede`, `switch_ip`, `switch_porta`, `data`, `id_tipo`, `sistema_operacional`, `socket`, `perifericos`, `setor`, `usuario`, `patrimonio`, `placa_mae`, `monitor`, `dominio`, `modelo_projetor`, `patrimonio_projetor`, `horas_projetor`) VALUES ('18', '229', 'CTG-SL229-PC', '10.23.4.28', 'INTEL®  CORE™  2 DUO CPU E7500 @ 2.93GHz 2.94 GHz', '2', '', '32', '465.76', '', 'pt-2-1-174', '', '', '2018-07-26', '1', '', '', '015130', 'Fundamental 2', 'ctg.sl229', '', '', '', '0', 'x36+', '', NULL);
INSERT INTO `d_salas` (`id_sala`, `sala`, `nome_maquina`, `ip`, `processador`, `memoria`, `memoria_tipo`, `sistema`, `hd`, `modelo_hd`, `ponto_rede`, `switch_ip`, `switch_porta`, `data`, `id_tipo`, `sistema_operacional`, `socket`, `perifericos`, `setor`, `usuario`, `patrimonio`, `placa_mae`, `monitor`, `dominio`, `modelo_projetor`, `patrimonio_projetor`, `horas_projetor`) VALUES ('19', '234', 'CTG-SL234-PC', '10.23.0.20', 'INTEL®  CORE™  2 DUO CPU E7500 @ 2.93GHz 2.93 GHz', '2', '', '32', '465.76', '', 'pt-2-1-166', '', '', '2018-07-26', '1', '', '', '015138', 'Fundamental 2', 'ctg.sl234', '', '', '', '0', 's8+', '', NULL);
INSERT INTO `d_salas` (`id_sala`, `sala`, `nome_maquina`, `ip`, `processador`, `memoria`, `memoria_tipo`, `sistema`, `hd`, `modelo_hd`, `ponto_rede`, `switch_ip`, `switch_porta`, `data`, `id_tipo`, `sistema_operacional`, `socket`, `perifericos`, `setor`, `usuario`, `patrimonio`, `placa_mae`, `monitor`, `dominio`, `modelo_projetor`, `patrimonio_projetor`, `horas_projetor`) VALUES ('20', '237', 'CTG-SL-237', '10.23.2.237', 'n3150', '4', '', '64', '500', '', 'pt-2-1-130', '', '', '2018-07-26', '4', 'Windows 10 pro', '', '015148', 'Fundamental 2', 'ctg.sl237', '015636', ' ', '', '0', 's8+', '', NULL);
INSERT INTO `d_salas` (`id_sala`, `sala`, `nome_maquina`, `ip`, `processador`, `memoria`, `memoria_tipo`, `sistema`, `hd`, `modelo_hd`, `ponto_rede`, `switch_ip`, `switch_porta`, `data`, `id_tipo`, `sistema_operacional`, `socket`, `perifericos`, `setor`, `usuario`, `patrimonio`, `placa_mae`, `monitor`, `dominio`, `modelo_projetor`, `patrimonio_projetor`, `horas_projetor`) VALUES ('21', '239', 'CTG-SL239-PC', '10.23.0.22', 'INTEL®  CORE™  2 DUO CPU E7500 @ 2.93GHz 2.93 GHz', '2', '', '32', '75', '', 'pt-2-1-146', '', '', '2018-07-26', '1', '', '', '016143', 'Fundamental 2', '', '015159', '', '', '0', 's8+', '', NULL);
INSERT INTO `d_salas` (`id_sala`, `sala`, `nome_maquina`, `ip`, `processador`, `memoria`, `memoria_tipo`, `sistema`, `hd`, `modelo_hd`, `ponto_rede`, `switch_ip`, `switch_porta`, `data`, `id_tipo`, `sistema_operacional`, `socket`, `perifericos`, `setor`, `usuario`, `patrimonio`, `placa_mae`, `monitor`, `dominio`, `modelo_projetor`, `patrimonio_projetor`, `horas_projetor`) VALUES ('22', '240', 'CTG-SL240', '10.23.2.240', 'INTEL®  CORE™  2 DUO CPU E7500 @ 2.93GHz 2.93 GHz', '2', '', '64', '465.76', '', 'pt-2-1-148', '', '', '2018-07-26', '1', '', '', '', 'Fundamental 2', 'ctg.sl240', '', '', '', '0', 's8+', '', NULL);
INSERT INTO `d_salas` (`id_sala`, `sala`, `nome_maquina`, `ip`, `processador`, `memoria`, `memoria_tipo`, `sistema`, `hd`, `modelo_hd`, `ponto_rede`, `switch_ip`, `switch_porta`, `data`, `id_tipo`, `sistema_operacional`, `socket`, `perifericos`, `setor`, `usuario`, `patrimonio`, `placa_mae`, `monitor`, `dominio`, `modelo_projetor`, `patrimonio_projetor`, `horas_projetor`) VALUES ('23', '243', 'CTG-SL243', '10.23.3.141', 'Pentium ® Dual-Core CPU E5300 @ 2.60GHz 2.60 GHz', '2', '', '32', '465.76', '', 'pt-2-3-065', '', '', '2018-07-26', '1', '', '', '', 'Médio ', 'ctg.sl243', '', '', '', '0', 'x36+', '', NULL);
INSERT INTO `d_salas` (`id_sala`, `sala`, `nome_maquina`, `ip`, `processador`, `memoria`, `memoria_tipo`, `sistema`, `hd`, `modelo_hd`, `ponto_rede`, `switch_ip`, `switch_porta`, `data`, `id_tipo`, `sistema_operacional`, `socket`, `perifericos`, `setor`, `usuario`, `patrimonio`, `placa_mae`, `monitor`, `dominio`, `modelo_projetor`, `patrimonio_projetor`, `horas_projetor`) VALUES ('24', '244', 'CTG-SL-244', '10.23.0.22', 'INTEL CORE 2 DUO CPU E7500 @ 2.93GHz 2.94 GHz', '2', '', '64', '465.76', '', 'pt-2-3-063', '10.29.0.10', '9', '2018-07-26', '1', 'Windows 10 pro', '', '015184', 'Ensino médio', 'ctg.sl244', '', '', '', '1', 's10+', '', NULL);
INSERT INTO `d_salas` (`id_sala`, `sala`, `nome_maquina`, `ip`, `processador`, `memoria`, `memoria_tipo`, `sistema`, `hd`, `modelo_hd`, `ponto_rede`, `switch_ip`, `switch_porta`, `data`, `id_tipo`, `sistema_operacional`, `socket`, `perifericos`, `setor`, `usuario`, `patrimonio`, `placa_mae`, `monitor`, `dominio`, `modelo_projetor`, `patrimonio_projetor`, `horas_projetor`) VALUES ('25', '245', 'CTG-SL245', '10.22.2.245', 'INTEL®  CORE™  2 DUO CPU E7500 @ 2.93GHz 2.94 GHz', '2', '', '64', '465.76', '', 'pt-2-3-062', '10.29.0.14', '11', '2018-07-09', '1', 'Windows  10 PRO', '', '', 'Ensino médio', 'ctg.sl245', '015193', '', '', '1', 'x36+', '', NULL);
INSERT INTO `d_salas` (`id_sala`, `sala`, `nome_maquina`, `ip`, `processador`, `memoria`, `memoria_tipo`, `sistema`, `hd`, `modelo_hd`, `ponto_rede`, `switch_ip`, `switch_porta`, `data`, `id_tipo`, `sistema_operacional`, `socket`, `perifericos`, `setor`, `usuario`, `patrimonio`, `placa_mae`, `monitor`, `dominio`, `modelo_projetor`, `patrimonio_projetor`, `horas_projetor`) VALUES ('26', '246', 'CTG-SL246', '10.23.3.221', 'INTEL®  CORE™  2 DUO CPU E7500 @ 2.93GHz 2.94 GHz', '4', '', '64', '465.76', '', '', '', '', '0000-00-00', '1', '', '', '', '', '', '', '', '', '0', '', '', NULL);
INSERT INTO `d_salas` (`id_sala`, `sala`, `nome_maquina`, `ip`, `processador`, `memoria`, `memoria_tipo`, `sistema`, `hd`, `modelo_hd`, `ponto_rede`, `switch_ip`, `switch_porta`, `data`, `id_tipo`, `sistema_operacional`, `socket`, `perifericos`, `setor`, `usuario`, `patrimonio`, `placa_mae`, `monitor`, `dominio`, `modelo_projetor`, `patrimonio_projetor`, `horas_projetor`) VALUES ('27', '247', 'CTG-SL-247', '10.22.2.247', 'i3-4160', '4', '', '64', '465.76', '', 'pt-2-3-058', '10.29.0.9', '3', '2018-07-09', '1', 'Windows  10 PRO', '', '', 'Ensino médio', 'ctg.sl247', '015219', '', '', '1', 'x36+', '', NULL);
INSERT INTO `d_salas` (`id_sala`, `sala`, `nome_maquina`, `ip`, `processador`, `memoria`, `memoria_tipo`, `sistema`, `hd`, `modelo_hd`, `ponto_rede`, `switch_ip`, `switch_porta`, `data`, `id_tipo`, `sistema_operacional`, `socket`, `perifericos`, `setor`, `usuario`, `patrimonio`, `placa_mae`, `monitor`, `dominio`, `modelo_projetor`, `patrimonio_projetor`, `horas_projetor`) VALUES ('28', '248', 'CTG-SL-248', '10.23.0.26', 'i3-4160', '2', '', '64', '465.76', '', 'pt-2-3-055', '10.29.0.10', '8', '2018-07-09', '1', 'Windows  10 PRO', '', '', 'Ensino médio', 'ctg,sl248', '015230', '', '', '1', 'x36+', '', NULL);
INSERT INTO `d_salas` (`id_sala`, `sala`, `nome_maquina`, `ip`, `processador`, `memoria`, `memoria_tipo`, `sistema`, `hd`, `modelo_hd`, `ponto_rede`, `switch_ip`, `switch_porta`, `data`, `id_tipo`, `sistema_operacional`, `socket`, `perifericos`, `setor`, `usuario`, `patrimonio`, `placa_mae`, `monitor`, `dominio`, `modelo_projetor`, `patrimonio_projetor`, `horas_projetor`) VALUES ('29', '340', 'CTG-SL340', '10.23.3.31', 'INTEL®  CORE™  I3-4150 CPU @ 3.50GHz 3.50 GHz', '4', '', '64', '465.64', '', '', '', '', '0000-00-00', '1', '', '', '', '', '', '', '', '', '0', '', '', NULL);
INSERT INTO `d_salas` (`id_sala`, `sala`, `nome_maquina`, `ip`, `processador`, `memoria`, `memoria_tipo`, `sistema`, `hd`, `modelo_hd`, `ponto_rede`, `switch_ip`, `switch_porta`, `data`, `id_tipo`, `sistema_operacional`, `socket`, `perifericos`, `setor`, `usuario`, `patrimonio`, `placa_mae`, `monitor`, `dominio`, `modelo_projetor`, `patrimonio_projetor`, `horas_projetor`) VALUES ('30', '350', 'CTG-SL350', '10.23.0.28', 'INTEL®  CORE™  I3-4150 CPU @ 3.50GHz 3.50 GHz', '4', '', '64', '465.64', '', '', '', '', '0000-00-00', '1', '', '', '', '', '', '', '', '', '0', '', '', NULL);
INSERT INTO `d_salas` (`id_sala`, `sala`, `nome_maquina`, `ip`, `processador`, `memoria`, `memoria_tipo`, `sistema`, `hd`, `modelo_hd`, `ponto_rede`, `switch_ip`, `switch_porta`, `data`, `id_tipo`, `sistema_operacional`, `socket`, `perifericos`, `setor`, `usuario`, `patrimonio`, `placa_mae`, `monitor`, `dominio`, `modelo_projetor`, `patrimonio_projetor`, `horas_projetor`) VALUES ('31', '370', 'DETEC-PC', '10.23.3.236', 'INTEL®  CORE™  I3 4150 CPU @350GHz 350GHz', '4', '', '64', '465', '', '', '', '', '2018-07-26', '1', '', '', '', 'Médio ', 'ctg.sl370', '', '', '', '0', '', '', NULL);
INSERT INTO `d_salas` (`id_sala`, `sala`, `nome_maquina`, `ip`, `processador`, `memoria`, `memoria_tipo`, `sistema`, `hd`, `modelo_hd`, `ponto_rede`, `switch_ip`, `switch_porta`, `data`, `id_tipo`, `sistema_operacional`, `socket`, `perifericos`, `setor`, `usuario`, `patrimonio`, `placa_mae`, `monitor`, `dominio`, `modelo_projetor`, `patrimonio_projetor`, `horas_projetor`) VALUES ('32', '380', 'CTG-SL380', '10.22.0.232', 'INTEL®  CORE™  I3 4150 CPU @350GHz 350GHz', '4', '', '64', '464', '', '', '', '', '2018-07-09', '1', 'Windows Home Single language', '', '', '', '', '', '', '', '0', '', '', NULL);
INSERT INTO `d_salas` (`id_sala`, `sala`, `nome_maquina`, `ip`, `processador`, `memoria`, `memoria_tipo`, `sistema`, `hd`, `modelo_hd`, `ponto_rede`, `switch_ip`, `switch_porta`, `data`, `id_tipo`, `sistema_operacional`, `socket`, `perifericos`, `setor`, `usuario`, `patrimonio`, `placa_mae`, `monitor`, `dominio`, `modelo_projetor`, `patrimonio_projetor`, `horas_projetor`) VALUES ('33', '217', 'CSACTGNC02', '10.20.3.201', 'INTEL(R) XEON(R) CPU E5-2407 0 @ 2.20GHz 2.20 GHz', '8', '', '32', '0', '', '', '', '', '0000-00-00', '1', '', '', '', '', '', '', '', '', '0', '', '', NULL);
INSERT INTO `d_salas` (`id_sala`, `sala`, `nome_maquina`, `ip`, `processador`, `memoria`, `memoria_tipo`, `sistema`, `hd`, `modelo_hd`, `ponto_rede`, `switch_ip`, `switch_porta`, `data`, `id_tipo`, `sistema_operacional`, `socket`, `perifericos`, `setor`, `usuario`, `patrimonio`, `placa_mae`, `monitor`, `dominio`, `modelo_projetor`, `patrimonio_projetor`, `horas_projetor`) VALUES ('34', '330', 'CTG-SL330', '10.23.0.32', 'INTEL®  CORE™  I3 4150 CPU @350GHz 350GHz', '4', '', '64', '465.64', '', '', '', '', '0000-00-00', '1', '', '', '', '', '', '', '', '', '0', '', '', NULL);
INSERT INTO `d_salas` (`id_sala`, `sala`, `nome_maquina`, `ip`, `processador`, `memoria`, `memoria_tipo`, `sistema`, `hd`, `modelo_hd`, `ponto_rede`, `switch_ip`, `switch_porta`, `data`, `id_tipo`, `sistema_operacional`, `socket`, `perifericos`, `setor`, `usuario`, `patrimonio`, `placa_mae`, `monitor`, `dominio`, `modelo_projetor`, `patrimonio_projetor`, `horas_projetor`) VALUES ('38', 'Aleluia', '', '', '', '0', '', '0', '0', '', '', '', '', '0000-00-00', '1', '', '', '', '', '', '', '', '', '0', '', '', NULL);
INSERT INTO `d_salas` (`id_sala`, `sala`, `nome_maquina`, `ip`, `processador`, `memoria`, `memoria_tipo`, `sistema`, `hd`, `modelo_hd`, `ponto_rede`, `switch_ip`, `switch_porta`, `data`, `id_tipo`, `sistema_operacional`, `socket`, `perifericos`, `setor`, `usuario`, `patrimonio`, `placa_mae`, `monitor`, `dominio`, `modelo_projetor`, `patrimonio_projetor`, `horas_projetor`) VALUES ('39', 'Biblioteca  Infantil', '', '', '', '0', '', '0', '0', '', '', '', '', '0000-00-00', '1', '', '', '', '', '', '', '', '', '0', '', '', NULL);
INSERT INTO `d_salas` (`id_sala`, `sala`, `nome_maquina`, `ip`, `processador`, `memoria`, `memoria_tipo`, `sistema`, `hd`, `modelo_hd`, `ponto_rede`, `switch_ip`, `switch_porta`, `data`, `id_tipo`, `sistema_operacional`, `socket`, `perifericos`, `setor`, `usuario`, `patrimonio`, `placa_mae`, `monitor`, `dominio`, `modelo_projetor`, `patrimonio_projetor`, `horas_projetor`) VALUES ('40', '213', '', '', '', '0', '', '0', '0', '', '', '', '', '0000-00-00', '1', '', '', '', '', '', '', '', '', '0', '', '', NULL);
INSERT INTO `d_salas` (`id_sala`, `sala`, `nome_maquina`, `ip`, `processador`, `memoria`, `memoria_tipo`, `sistema`, `hd`, `modelo_hd`, `ponto_rede`, `switch_ip`, `switch_porta`, `data`, `id_tipo`, `sistema_operacional`, `socket`, `perifericos`, `setor`, `usuario`, `patrimonio`, `placa_mae`, `monitor`, `dominio`, `modelo_projetor`, `patrimonio_projetor`, `horas_projetor`) VALUES ('41', 'Darci  Ribeiro', '', '', '', '0', '', '0', '0', '', '', '', '', '0000-00-00', '1', '', '', '', '', '', '', '', '', '0', '', '', NULL);
INSERT INTO `d_salas` (`id_sala`, `sala`, `nome_maquina`, `ip`, `processador`, `memoria`, `memoria_tipo`, `sistema`, `hd`, `modelo_hd`, `ponto_rede`, `switch_ip`, `switch_porta`, `data`, `id_tipo`, `sistema_operacional`, `socket`, `perifericos`, `setor`, `usuario`, `patrimonio`, `placa_mae`, `monitor`, `dominio`, `modelo_projetor`, `patrimonio_projetor`, `horas_projetor`) VALUES ('42', 'Artes 230', 'a', '0', '0', '0', '', '64', '500', '', 'pt-2-2-084', '', '', '2018-07-26', '1', '', '', '016347', 'Fundamental 2', 'ctg.sl230', '', '', '', '0', 's8+', '', NULL);
INSERT INTO `d_salas` (`id_sala`, `sala`, `nome_maquina`, `ip`, `processador`, `memoria`, `memoria_tipo`, `sistema`, `hd`, `modelo_hd`, `ponto_rede`, `switch_ip`, `switch_porta`, `data`, `id_tipo`, `sistema_operacional`, `socket`, `perifericos`, `setor`, `usuario`, `patrimonio`, `placa_mae`, `monitor`, `dominio`, `modelo_projetor`, `patrimonio_projetor`, `horas_projetor`) VALUES ('43', 'Cozinha funcionarios', '', '', '', '0', '', '0', '0', '', '', '', '', '0000-00-00', '1', '', '', '', '', '', '', '', '', '0', '', '', NULL);
INSERT INTO `d_salas` (`id_sala`, `sala`, `nome_maquina`, `ip`, `processador`, `memoria`, `memoria_tipo`, `sistema`, `hd`, `modelo_hd`, `ponto_rede`, `switch_ip`, `switch_porta`, `data`, `id_tipo`, `sistema_operacional`, `socket`, `perifericos`, `setor`, `usuario`, `patrimonio`, `placa_mae`, `monitor`, `dominio`, `modelo_projetor`, `patrimonio_projetor`, `horas_projetor`) VALUES ('44', 'Depas Marilande', 'FCV-DEP-001', '', 'e2140', '2', 'ddr2', '64', '75', '', 'pt-1-3-098', '', '', '2018-06-15', '1', 'Windows 10 pro', '', '', 'FCV-DEP-001', 'marilande.silva ', '016939', 'P5GC-MX/1333', '', '1', '', '', NULL);
INSERT INTO `d_salas` (`id_sala`, `sala`, `nome_maquina`, `ip`, `processador`, `memoria`, `memoria_tipo`, `sistema`, `hd`, `modelo_hd`, `ponto_rede`, `switch_ip`, `switch_porta`, `data`, `id_tipo`, `sistema_operacional`, `socket`, `perifericos`, `setor`, `usuario`, `patrimonio`, `placa_mae`, `monitor`, `dominio`, `modelo_projetor`, `patrimonio_projetor`, `horas_projetor`) VALUES ('45', '212', '', '', '', '0', '', '0', '0', '', '', '', '', '0000-00-00', '1', '', '', '', '', '', '', '', '', '0', '', '', NULL);
INSERT INTO `d_salas` (`id_sala`, `sala`, `nome_maquina`, `ip`, `processador`, `memoria`, `memoria_tipo`, `sistema`, `hd`, `modelo_hd`, `ponto_rede`, `switch_ip`, `switch_porta`, `data`, `id_tipo`, `sistema_operacional`, `socket`, `perifericos`, `setor`, `usuario`, `patrimonio`, `placa_mae`, `monitor`, `dominio`, `modelo_projetor`, `patrimonio_projetor`, `horas_projetor`) VALUES ('46', 'Flaviane sup. Ens. Fundamental', '', '', '', '0', '', '0', '0', '', '', '', '', '0000-00-00', '1', '', '', '', '', '', '', '', '', '0', '', '', NULL);
INSERT INTO `d_salas` (`id_sala`, `sala`, `nome_maquina`, `ip`, `processador`, `memoria`, `memoria_tipo`, `sistema`, `hd`, `modelo_hd`, `ponto_rede`, `switch_ip`, `switch_porta`, `data`, `id_tipo`, `sistema_operacional`, `socket`, `perifericos`, `setor`, `usuario`, `patrimonio`, `placa_mae`, `monitor`, `dominio`, `modelo_projetor`, `patrimonio_projetor`, `horas_projetor`) VALUES ('47', 'Adriene Eja', '', '', '', '0', '', '0', '0', '', '', '', '', '0000-00-00', '1', '', '', '', '', '', '', '', '', '0', '', '', NULL);
INSERT INTO `d_salas` (`id_sala`, `sala`, `nome_maquina`, `ip`, `processador`, `memoria`, `memoria_tipo`, `sistema`, `hd`, `modelo_hd`, `ponto_rede`, `switch_ip`, `switch_porta`, `data`, `id_tipo`, `sistema_operacional`, `socket`, `perifericos`, `setor`, `usuario`, `patrimonio`, `placa_mae`, `monitor`, `dominio`, `modelo_projetor`, `patrimonio_projetor`, `horas_projetor`) VALUES ('48', 'Cinara', 'FCV-SUP-001', '10.21.0.252', 'i5-6200', '8', '', '64', '500', '', '', '', '', '2018-05-10', '2', 'Windows 10 PRO', '', 'Impressora', 'Supervisão EJA', 'cinara.pedroso', '016870', '', '', '1', '', '', NULL);
INSERT INTO `d_salas` (`id_sala`, `sala`, `nome_maquina`, `ip`, `processador`, `memoria`, `memoria_tipo`, `sistema`, `hd`, `modelo_hd`, `ponto_rede`, `switch_ip`, `switch_porta`, `data`, `id_tipo`, `sistema_operacional`, `socket`, `perifericos`, `setor`, `usuario`, `patrimonio`, `placa_mae`, `monitor`, `dominio`, `modelo_projetor`, `patrimonio_projetor`, `horas_projetor`) VALUES ('49', '389', 'Sala de danca', '10.20.3.89', 'Intel (r) core(tm)2 duo CPU E7500 @ 2.93GHz', '0', '', '64', '0', '', '', '', '', '0000-00-00', '1', '', '', '', '', '', '', '', '', '0', '', '', NULL);
INSERT INTO `d_salas` (`id_sala`, `sala`, `nome_maquina`, `ip`, `processador`, `memoria`, `memoria_tipo`, `sistema`, `hd`, `modelo_hd`, `ponto_rede`, `switch_ip`, `switch_porta`, `data`, `id_tipo`, `sistema_operacional`, `socket`, `perifericos`, `setor`, `usuario`, `patrimonio`, `placa_mae`, `monitor`, `dominio`, `modelo_projetor`, `patrimonio_projetor`, `horas_projetor`) VALUES ('50', 'Enfermaria', '', '', '', '0', '', '0', '0', '', '', '', '', '0000-00-00', '1', '', '', '', '', '', '', '', '', '0', '', '', NULL);
INSERT INTO `d_salas` (`id_sala`, `sala`, `nome_maquina`, `ip`, `processador`, `memoria`, `memoria_tipo`, `sistema`, `hd`, `modelo_hd`, `ponto_rede`, `switch_ip`, `switch_porta`, `data`, `id_tipo`, `sistema_operacional`, `socket`, `perifericos`, `setor`, `usuario`, `patrimonio`, `placa_mae`, `monitor`, `dominio`, `modelo_projetor`, `patrimonio_projetor`, `horas_projetor`) VALUES ('51', 'Teste', 't', 't', 't', '0', '', '64', '0', '', '', '', '', '2018-06-07', '4', 'Windows 10', '', 'Extensor usb.\r\nCaixa de som', '', '', '', '', '', '0', 'teste', '', NULL);
INSERT INTO `d_salas` (`id_sala`, `sala`, `nome_maquina`, `ip`, `processador`, `memoria`, `memoria_tipo`, `sistema`, `hd`, `modelo_hd`, `ponto_rede`, `switch_ip`, `switch_porta`, `data`, `id_tipo`, `sistema_operacional`, `socket`, `perifericos`, `setor`, `usuario`, `patrimonio`, `placa_mae`, `monitor`, `dominio`, `modelo_projetor`, `patrimonio_projetor`, `horas_projetor`) VALUES ('52', 'Recepção Nathalia', 'ctg-sec-002', '10.26.3.48', 'Intel core duo', '2', '', '64', '300', '', '1-1-107', '1', 'p', '2018-05-08', '1', '', '', '', '', '', '', '', '', '0', '', '', NULL);
INSERT INTO `d_salas` (`id_sala`, `sala`, `nome_maquina`, `ip`, `processador`, `memoria`, `memoria_tipo`, `sistema`, `hd`, `modelo_hd`, `ponto_rede`, `switch_ip`, `switch_porta`, `data`, `id_tipo`, `sistema_operacional`, `socket`, `perifericos`, `setor`, `usuario`, `patrimonio`, `placa_mae`, `monitor`, `dominio`, `modelo_projetor`, `patrimonio_projetor`, `horas_projetor`) VALUES ('53', '390 Mariana', 'SIC-CC-1469', '10.21.3.90', 'i5-5200', '16', '', '64', '1000', '', '', '', '', '2018-05-15', '2', 'Windows 10 Enterprise', '', '', 'Comunicação', 'mariana.dias', '016960', '', '', '1', '', '', NULL);
INSERT INTO `d_salas` (`id_sala`, `sala`, `nome_maquina`, `ip`, `processador`, `memoria`, `memoria_tipo`, `sistema`, `hd`, `modelo_hd`, `ponto_rede`, `switch_ip`, `switch_porta`, `data`, `id_tipo`, `sistema_operacional`, `socket`, `perifericos`, `setor`, `usuario`, `patrimonio`, `placa_mae`, `monitor`, `dominio`, `modelo_projetor`, `patrimonio_projetor`, `horas_projetor`) VALUES ('54', '360', '', '10.23.0.233', '', '0', '', '0', '0', '', '', '', '', '0000-00-00', '1', '', '', '', '', '', '', '', '', '0', '', '', NULL);
INSERT INTO `d_salas` (`id_sala`, `sala`, `nome_maquina`, `ip`, `processador`, `memoria`, `memoria_tipo`, `sistema`, `hd`, `modelo_hd`, `ponto_rede`, `switch_ip`, `switch_porta`, `data`, `id_tipo`, `sistema_operacional`, `socket`, `perifericos`, `setor`, `usuario`, `patrimonio`, `placa_mae`, `monitor`, `dominio`, `modelo_projetor`, `patrimonio_projetor`, `horas_projetor`) VALUES ('55', '210', '', '', '', '0', '', '0', '0', '', '', '', '', '2018-06-07', '1', '', '', '', '', '', '', '', '', '0', 's18+', '', NULL);
INSERT INTO `d_salas` (`id_sala`, `sala`, `nome_maquina`, `ip`, `processador`, `memoria`, `memoria_tipo`, `sistema`, `hd`, `modelo_hd`, `ponto_rede`, `switch_ip`, `switch_porta`, `data`, `id_tipo`, `sistema_operacional`, `socket`, `perifericos`, `setor`, `usuario`, `patrimonio`, `placa_mae`, `monitor`, `dominio`, `modelo_projetor`, `patrimonio_projetor`, `horas_projetor`) VALUES ('56', '214', '', '', '', '0', '', '0', '0', '', '', '', '', '0000-00-00', '1', '', '', '', '', '', '', '', '', '0', '', '', NULL);
INSERT INTO `d_salas` (`id_sala`, `sala`, `nome_maquina`, `ip`, `processador`, `memoria`, `memoria_tipo`, `sistema`, `hd`, `modelo_hd`, `ponto_rede`, `switch_ip`, `switch_porta`, `data`, `id_tipo`, `sistema_operacional`, `socket`, `perifericos`, `setor`, `usuario`, `patrimonio`, `placa_mae`, `monitor`, `dominio`, `modelo_projetor`, `patrimonio_projetor`, `horas_projetor`) VALUES ('57', '215', '', '', '', '0', '', '0', '0', '', '', '', '', '0000-00-00', '1', '', '', '', '', '', '', '', '', '0', '', '', NULL);
INSERT INTO `d_salas` (`id_sala`, `sala`, `nome_maquina`, `ip`, `processador`, `memoria`, `memoria_tipo`, `sistema`, `hd`, `modelo_hd`, `ponto_rede`, `switch_ip`, `switch_porta`, `data`, `id_tipo`, `sistema_operacional`, `socket`, `perifericos`, `setor`, `usuario`, `patrimonio`, `placa_mae`, `monitor`, `dominio`, `modelo_projetor`, `patrimonio_projetor`, `horas_projetor`) VALUES ('58', '307', '', '', '', '0', '', '0', '0', '', '', '', '', '0000-00-00', '1', '', '', '', '', '', '', '', '', '0', '', '', NULL);
INSERT INTO `d_salas` (`id_sala`, `sala`, `nome_maquina`, `ip`, `processador`, `memoria`, `memoria_tipo`, `sistema`, `hd`, `modelo_hd`, `ponto_rede`, `switch_ip`, `switch_porta`, `data`, `id_tipo`, `sistema_operacional`, `socket`, `perifericos`, `setor`, `usuario`, `patrimonio`, `placa_mae`, `monitor`, `dominio`, `modelo_projetor`, `patrimonio_projetor`, `horas_projetor`) VALUES ('59', '309', '', '', '', '0', '', '0', '0', '', '', '', '', '0000-00-00', '1', '', '', '', '', '', '', '', '', '0', '', '', NULL);
INSERT INTO `d_salas` (`id_sala`, `sala`, `nome_maquina`, `ip`, `processador`, `memoria`, `memoria_tipo`, `sistema`, `hd`, `modelo_hd`, `ponto_rede`, `switch_ip`, `switch_porta`, `data`, `id_tipo`, `sistema_operacional`, `socket`, `perifericos`, `setor`, `usuario`, `patrimonio`, `placa_mae`, `monitor`, `dominio`, `modelo_projetor`, `patrimonio_projetor`, `horas_projetor`) VALUES ('60', '209', '', '10.21.2.209', '', '0', '', '0', '0', '', '', '', '', '0000-00-00', '1', '', '', '', '', '', '', '', '', '0', '', '', NULL);
INSERT INTO `d_salas` (`id_sala`, `sala`, `nome_maquina`, `ip`, `processador`, `memoria`, `memoria_tipo`, `sistema`, `hd`, `modelo_hd`, `ponto_rede`, `switch_ip`, `switch_porta`, `data`, `id_tipo`, `sistema_operacional`, `socket`, `perifericos`, `setor`, `usuario`, `patrimonio`, `placa_mae`, `monitor`, `dominio`, `modelo_projetor`, `patrimonio_projetor`, `horas_projetor`) VALUES ('61', 'Apoio dos professores', '', '', '', '0', '', '0', '0', '', '', '', '', '0000-00-00', '1', '', '', '', '', '', '', '', '', '0', '', '', NULL);
INSERT INTO `d_salas` (`id_sala`, `sala`, `nome_maquina`, `ip`, `processador`, `memoria`, `memoria_tipo`, `sistema`, `hd`, `modelo_hd`, `ponto_rede`, `switch_ip`, `switch_porta`, `data`, `id_tipo`, `sistema_operacional`, `socket`, `perifericos`, `setor`, `usuario`, `patrimonio`, `placa_mae`, `monitor`, `dominio`, `modelo_projetor`, `patrimonio_projetor`, `horas_projetor`) VALUES ('62', 'Secretaria do EJA', '', '', '', '0', '', '0', '0', '', '', '', '', '0000-00-00', '1', '', '', '', '', '', '', '', '', '0', '', '', NULL);
INSERT INTO `d_salas` (`id_sala`, `sala`, `nome_maquina`, `ip`, `processador`, `memoria`, `memoria_tipo`, `sistema`, `hd`, `modelo_hd`, `ponto_rede`, `switch_ip`, `switch_porta`, `data`, `id_tipo`, `sistema_operacional`, `socket`, `perifericos`, `setor`, `usuario`, `patrimonio`, `placa_mae`, `monitor`, `dominio`, `modelo_projetor`, `patrimonio_projetor`, `horas_projetor`) VALUES ('63', 'Carla - Espaço Escola de Esportes', '', '', '', '0', '', '0', '0', '', '', '', '', '0000-00-00', '1', '', '', '', '', '', '', '', '', '0', '', '', NULL);
INSERT INTO `d_salas` (`id_sala`, `sala`, `nome_maquina`, `ip`, `processador`, `memoria`, `memoria_tipo`, `sistema`, `hd`, `modelo_hd`, `ponto_rede`, `switch_ip`, `switch_porta`, `data`, `id_tipo`, `sistema_operacional`, `socket`, `perifericos`, `setor`, `usuario`, `patrimonio`, `placa_mae`, `monitor`, `dominio`, `modelo_projetor`, `patrimonio_projetor`, `horas_projetor`) VALUES ('64', 'Talita - Analista de Serie.', '', '', '', '0', '', '0', '0', '', '', '', '', '0000-00-00', '1', '', '', '', '', '', '', '', '', '0', '', '', NULL);
INSERT INTO `d_salas` (`id_sala`, `sala`, `nome_maquina`, `ip`, `processador`, `memoria`, `memoria_tipo`, `sistema`, `hd`, `modelo_hd`, `ponto_rede`, `switch_ip`, `switch_porta`, `data`, `id_tipo`, `sistema_operacional`, `socket`, `perifericos`, `setor`, `usuario`, `patrimonio`, `placa_mae`, `monitor`, `dominio`, `modelo_projetor`, `patrimonio_projetor`, `horas_projetor`) VALUES ('65', 'Geraldo', '', '', '', '0', '', '0', '0', '', '', '', '', '0000-00-00', '1', '', '', '', '', '', '', '', '', '0', '', '', NULL);
INSERT INTO `d_salas` (`id_sala`, `sala`, `nome_maquina`, `ip`, `processador`, `memoria`, `memoria_tipo`, `sistema`, `hd`, `modelo_hd`, `ponto_rede`, `switch_ip`, `switch_porta`, `data`, `id_tipo`, `sistema_operacional`, `socket`, `perifericos`, `setor`, `usuario`, `patrimonio`, `placa_mae`, `monitor`, `dominio`, `modelo_projetor`, `patrimonio_projetor`, `horas_projetor`) VALUES ('66', 'Supervisão | Adrielle', 'AssisPedaFund 2', '10.21.4.65', 'i3-3220', '4', '', '64', '500', '', '', '', '', '2018-05-07', '1', '', '', '', '', '', '', '', '', '0', '', '', NULL);
INSERT INTO `d_salas` (`id_sala`, `sala`, `nome_maquina`, `ip`, `processador`, `memoria`, `memoria_tipo`, `sistema`, `hd`, `modelo_hd`, `ponto_rede`, `switch_ip`, `switch_porta`, `data`, `id_tipo`, `sistema_operacional`, `socket`, `perifericos`, `setor`, `usuario`, `patrimonio`, `placa_mae`, `monitor`, `dominio`, `modelo_projetor`, `patrimonio_projetor`, `horas_projetor`) VALUES ('67', 'Depas Gean', '', '', '', '0', '', '0', '0', '', '', '', '', '0000-00-00', '1', '', '', '', '', '', '', '', '', '0', '', '', NULL);
INSERT INTO `d_salas` (`id_sala`, `sala`, `nome_maquina`, `ip`, `processador`, `memoria`, `memoria_tipo`, `sistema`, `hd`, `modelo_hd`, `ponto_rede`, `switch_ip`, `switch_porta`, `data`, `id_tipo`, `sistema_operacional`, `socket`, `perifericos`, `setor`, `usuario`, `patrimonio`, `placa_mae`, `monitor`, `dominio`, `modelo_projetor`, `patrimonio_projetor`, `horas_projetor`) VALUES ('68', 'Professores Eja 1', 'FCV-PRO-001', '10.21.2.80', 'E7500', '2', '', '64', '500', '', '2-4-050', '10.29.0.14', '14', '2018-05-25', '1', 'Windows  10 PRO', '', '', 'Sala dos Professores', 'sprof1', '016879', '', '', '1', '', '', NULL);
INSERT INTO `d_salas` (`id_sala`, `sala`, `nome_maquina`, `ip`, `processador`, `memoria`, `memoria_tipo`, `sistema`, `hd`, `modelo_hd`, `ponto_rede`, `switch_ip`, `switch_porta`, `data`, `id_tipo`, `sistema_operacional`, `socket`, `perifericos`, `setor`, `usuario`, `patrimonio`, `placa_mae`, `monitor`, `dominio`, `modelo_projetor`, `patrimonio_projetor`, `horas_projetor`) VALUES ('69', 'Deac Alisson', '', '', '', '0', '', '0', '0', '', '', '', '', '0000-00-00', '1', '', '', '', '', '', '', '', '', '0', '', '', NULL);
INSERT INTO `d_salas` (`id_sala`, `sala`, `nome_maquina`, `ip`, `processador`, `memoria`, `memoria_tipo`, `sistema`, `hd`, `modelo_hd`, `ponto_rede`, `switch_ip`, `switch_porta`, `data`, `id_tipo`, `sistema_operacional`, `socket`, `perifericos`, `setor`, `usuario`, `patrimonio`, `placa_mae`, `monitor`, `dominio`, `modelo_projetor`, `patrimonio_projetor`, `horas_projetor`) VALUES ('70', 'Assistente Social | Isabella', 'Observatorio-pc', '10.21.0.50', 'Intel Pentium', '2', '', '32', '100', 'teste', '2-3-072', '10.29.0.10', '3', '2018-06-04', '1', '', '', '', 'EjA', 'FCV-SOC-001', '', '', '', '0', '', '', NULL);
INSERT INTO `d_salas` (`id_sala`, `sala`, `nome_maquina`, `ip`, `processador`, `memoria`, `memoria_tipo`, `sistema`, `hd`, `modelo_hd`, `ponto_rede`, `switch_ip`, `switch_porta`, `data`, `id_tipo`, `sistema_operacional`, `socket`, `perifericos`, `setor`, `usuario`, `patrimonio`, `placa_mae`, `monitor`, `dominio`, `modelo_projetor`, `patrimonio_projetor`, `horas_projetor`) VALUES ('71', 'Música 103', '', '', '', '0', '', '0', '0', '', '', '', '', '0000-00-00', '1', '', '', '', '', '', '', '', '', '0', '', '', NULL);
INSERT INTO `d_salas` (`id_sala`, `sala`, `nome_maquina`, `ip`, `processador`, `memoria`, `memoria_tipo`, `sistema`, `hd`, `modelo_hd`, `ponto_rede`, `switch_ip`, `switch_porta`, `data`, `id_tipo`, `sistema_operacional`, `socket`, `perifericos`, `setor`, `usuario`, `patrimonio`, `placa_mae`, `monitor`, `dominio`, `modelo_projetor`, `patrimonio_projetor`, `horas_projetor`) VALUES ('72', 'Direção EJA | Arlene', '.', '.', '.', '0', '', '64', '0', '', '', '', '', '0000-00-00', '1', '', '', '', '', '', '', '', '', '0', '', '', NULL);
INSERT INTO `d_salas` (`id_sala`, `sala`, `nome_maquina`, `ip`, `processador`, `memoria`, `memoria_tipo`, `sistema`, `hd`, `modelo_hd`, `ponto_rede`, `switch_ip`, `switch_porta`, `data`, `id_tipo`, `sistema_operacional`, `socket`, `perifericos`, `setor`, `usuario`, `patrimonio`, `placa_mae`, `monitor`, `dominio`, `modelo_projetor`, `patrimonio_projetor`, `horas_projetor`) VALUES ('74', '119 | Atendimento 4', 'Ctg-an6-2', '10.21.4.199', 'Intel(R) core tm i3-3220t cpu @ 2.80', '4', '', '64', '500', '', '', '', '', '0000-00-00', '1', '', '', '', '', '', '', '', '', '0', '', '', NULL);
INSERT INTO `d_salas` (`id_sala`, `sala`, `nome_maquina`, `ip`, `processador`, `memoria`, `memoria_tipo`, `sistema`, `hd`, `modelo_hd`, `ponto_rede`, `switch_ip`, `switch_porta`, `data`, `id_tipo`, `sistema_operacional`, `socket`, `perifericos`, `setor`, `usuario`, `patrimonio`, `placa_mae`, `monitor`, `dominio`, `modelo_projetor`, `patrimonio_projetor`, `horas_projetor`) VALUES ('75', 'Biblioteca Juvenil | geral', '', '', '', '0', '', '0', '0', '', '', '', '', '0000-00-00', '1', '', '', '', '', '', '', '', '', '0', '', '', NULL);
INSERT INTO `d_salas` (`id_sala`, `sala`, `nome_maquina`, `ip`, `processador`, `memoria`, `memoria_tipo`, `sistema`, `hd`, `modelo_hd`, `ponto_rede`, `switch_ip`, `switch_porta`, `data`, `id_tipo`, `sistema_operacional`, `socket`, `perifericos`, `setor`, `usuario`, `patrimonio`, `placa_mae`, `monitor`, `dominio`, `modelo_projetor`, `patrimonio_projetor`, `horas_projetor`) VALUES ('76', 'Léo | Educação física', '', '', '', '0', '', '0', '0', '', '', '', '', '0000-00-00', '1', '', '', '', '', '', '', '', '', '0', '', '', NULL);
INSERT INTO `d_salas` (`id_sala`, `sala`, `nome_maquina`, `ip`, `processador`, `memoria`, `memoria_tipo`, `sistema`, `hd`, `modelo_hd`, `ponto_rede`, `switch_ip`, `switch_porta`, `data`, `id_tipo`, `sistema_operacional`, `socket`, `perifericos`, `setor`, `usuario`, `patrimonio`, `placa_mae`, `monitor`, `dominio`, `modelo_projetor`, `patrimonio_projetor`, `horas_projetor`) VALUES ('77', 'Biblioteca juvenil | PC 1', '', '', '', '0', '', '0', '0', '', '', '', '', '0000-00-00', '1', '', '', '', '', '', '', '', '', '0', '', '', NULL);
INSERT INTO `d_salas` (`id_sala`, `sala`, `nome_maquina`, `ip`, `processador`, `memoria`, `memoria_tipo`, `sistema`, `hd`, `modelo_hd`, `ponto_rede`, `switch_ip`, `switch_porta`, `data`, `id_tipo`, `sistema_operacional`, `socket`, `perifericos`, `setor`, `usuario`, `patrimonio`, `placa_mae`, `monitor`, `dominio`, `modelo_projetor`, `patrimonio_projetor`, `horas_projetor`) VALUES ('78', 'Lab. Física | 135', 'pc', '10.23.0.152', 'i5', '4', '', '64', '0', '', '', '', '', '0000-00-00', '1', '', '', '', '', '', '', '', '', '0', '', '', NULL);
INSERT INTO `d_salas` (`id_sala`, `sala`, `nome_maquina`, `ip`, `processador`, `memoria`, `memoria_tipo`, `sistema`, `hd`, `modelo_hd`, `ponto_rede`, `switch_ip`, `switch_porta`, `data`, `id_tipo`, `sistema_operacional`, `socket`, `perifericos`, `setor`, `usuario`, `patrimonio`, `placa_mae`, `monitor`, `dominio`, `modelo_projetor`, `patrimonio_projetor`, `horas_projetor`) VALUES ('79', 'Professores | Eja | TV', 'Tv', '10.21.2.104', 'I', '0', '', '64', '0', '', '', '', '', '0000-00-00', '1', '', '', '', '', '', '', '', '', '0', '', '', NULL);
INSERT INTO `d_salas` (`id_sala`, `sala`, `nome_maquina`, `ip`, `processador`, `memoria`, `memoria_tipo`, `sistema`, `hd`, `modelo_hd`, `ponto_rede`, `switch_ip`, `switch_porta`, `data`, `id_tipo`, `sistema_operacional`, `socket`, `perifericos`, `setor`, `usuario`, `patrimonio`, `placa_mae`, `monitor`, `dominio`, `modelo_projetor`, `patrimonio_projetor`, `horas_projetor`) VALUES ('80', 'Música 102', '', '', '', '0', '', '0', '0', '', '', '', '', '0000-00-00', '1', '', '', '', '', '', '', '', '', '0', '', '', NULL);
INSERT INTO `d_salas` (`id_sala`, `sala`, `nome_maquina`, `ip`, `processador`, `memoria`, `memoria_tipo`, `sistema`, `hd`, `modelo_hd`, `ponto_rede`, `switch_ip`, `switch_porta`, `data`, `id_tipo`, `sistema_operacional`, `socket`, `perifericos`, `setor`, `usuario`, `patrimonio`, `placa_mae`, `monitor`, `dominio`, `modelo_projetor`, `patrimonio_projetor`, `horas_projetor`) VALUES ('81', 'Andreza Faria', 'FCV-SEC-002', '10.21.0.245', 'i3-3220t', '4', '', '64', '500', '', '1-3-084', '', '', '2018-05-10', '3', 'Windows 8 PRO', '', '', 'Secretaria EJA', 'andreza.faria', '016952', '', '', '1', '', '', NULL);
INSERT INTO `d_salas` (`id_sala`, `sala`, `nome_maquina`, `ip`, `processador`, `memoria`, `memoria_tipo`, `sistema`, `hd`, `modelo_hd`, `ponto_rede`, `switch_ip`, `switch_porta`, `data`, `id_tipo`, `sistema_operacional`, `socket`, `perifericos`, `setor`, `usuario`, `patrimonio`, `placa_mae`, `monitor`, `dominio`, `modelo_projetor`, `patrimonio_projetor`, `horas_projetor`) VALUES ('82', 'Biblioteca | Juliana', 'ctg-bib-002', '10.23.4.37', 'i3-4130', '4', '', '64', '500', '', '2-1-104', '', '', '2018-05-09', '1', 'Windows 10 Education', '', '', '', '', '', '', '', '0', '', '', NULL);
INSERT INTO `d_salas` (`id_sala`, `sala`, `nome_maquina`, `ip`, `processador`, `memoria`, `memoria_tipo`, `sistema`, `hd`, `modelo_hd`, `ponto_rede`, `switch_ip`, `switch_porta`, `data`, `id_tipo`, `sistema_operacional`, `socket`, `perifericos`, `setor`, `usuario`, `patrimonio`, `placa_mae`, `monitor`, `dominio`, `modelo_projetor`, `patrimonio_projetor`, `horas_projetor`) VALUES ('83', 'Biblioteca | Erica', 'CTG-Biblio002', '10.23.4.31', 'i3-4130', '4', '', '64', '500', '', '2-1-102', '', '', '2018-05-09', '1', 'Windows 10 Education', '', '', '', '', '', '', '', '0', '', '', NULL);
INSERT INTO `d_salas` (`id_sala`, `sala`, `nome_maquina`, `ip`, `processador`, `memoria`, `memoria_tipo`, `sistema`, `hd`, `modelo_hd`, `ponto_rede`, `switch_ip`, `switch_porta`, `data`, `id_tipo`, `sistema_operacional`, `socket`, `perifericos`, `setor`, `usuario`, `patrimonio`, `placa_mae`, `monitor`, `dominio`, `modelo_projetor`, `patrimonio_projetor`, `horas_projetor`) VALUES ('84', 'Biblioteca | Ana', 'ctg-bib-004', '10.23.2.20', 'i3-7100', '4', '', '64', '500', '', '2-1-108', '', '', '2018-05-09', '1', 'Windows 10 Pro', '', '', '', '', '', '', '', '0', '', '', NULL);
INSERT INTO `d_salas` (`id_sala`, `sala`, `nome_maquina`, `ip`, `processador`, `memoria`, `memoria_tipo`, `sistema`, `hd`, `modelo_hd`, `ponto_rede`, `switch_ip`, `switch_porta`, `data`, `id_tipo`, `sistema_operacional`, `socket`, `perifericos`, `setor`, `usuario`, `patrimonio`, `placa_mae`, `monitor`, `dominio`, `modelo_projetor`, `patrimonio_projetor`, `horas_projetor`) VALUES ('85', 'Supervisão Cida', 'ctg-fd2-001', '10.21.3.78', 'i5-6400', '4', '', '64', '500', '', '2-1-128', '', '', '2018-05-09', '1', 'Windows', '', '', '', '', '', '', '', '0', '', '', NULL);
INSERT INTO `d_salas` (`id_sala`, `sala`, `nome_maquina`, `ip`, `processador`, `memoria`, `memoria_tipo`, `sistema`, `hd`, `modelo_hd`, `ponto_rede`, `switch_ip`, `switch_porta`, `data`, `id_tipo`, `sistema_operacional`, `socket`, `perifericos`, `setor`, `usuario`, `patrimonio`, `placa_mae`, `monitor`, `dominio`, `modelo_projetor`, `patrimonio_projetor`, `horas_projetor`) VALUES ('88', 'Secretaria EJA | Adriana', 'FCV-SEC-001', '10.21.0.44', 'i3-3220t', '4', '', '64', '500', '', '1-3-085', '', '', '2018-05-10', '3', 'Windows 10 Enterprise', '', '', 'Secretaria EJA', 'adriana.esteves', '016953', '', '', '1', '', '', NULL);
INSERT INTO `d_salas` (`id_sala`, `sala`, `nome_maquina`, `ip`, `processador`, `memoria`, `memoria_tipo`, `sistema`, `hd`, `modelo_hd`, `ponto_rede`, `switch_ip`, `switch_porta`, `data`, `id_tipo`, `sistema_operacional`, `socket`, `perifericos`, `setor`, `usuario`, `patrimonio`, `placa_mae`, `monitor`, `dominio`, `modelo_projetor`, `patrimonio_projetor`, `horas_projetor`) VALUES ('89', 'Cláudia Louzada', 'FCV-SUP-002', '10.21.0.48', 'i5-3330', '4', '', '64', '500', '', '2-3-134', '', '', '2018-05-24', '1', 'Windows 10 PRO', '', '', 'Supervisão EJA', 'claudia.louzada', '016896', '', '', '1', '', '', NULL);
INSERT INTO `d_salas` (`id_sala`, `sala`, `nome_maquina`, `ip`, `processador`, `memoria`, `memoria_tipo`, `sistema`, `hd`, `modelo_hd`, `ponto_rede`, `switch_ip`, `switch_porta`, `data`, `id_tipo`, `sistema_operacional`, `socket`, `perifericos`, `setor`, `usuario`, `patrimonio`, `placa_mae`, `monitor`, `dominio`, `modelo_projetor`, `patrimonio_projetor`, `horas_projetor`) VALUES ('90', 'Auditório', 'ctg-aud-001', '10', 'i5-6200u', '8', '', '64', '500', '', '2-2-035', '10', '0', '2018-05-08', '2', 'Windows 10 Pro', '', '', '', '', '', '', '', '0', '', '', NULL);
INSERT INTO `d_salas` (`id_sala`, `sala`, `nome_maquina`, `ip`, `processador`, `memoria`, `memoria_tipo`, `sistema`, `hd`, `modelo_hd`, `ponto_rede`, `switch_ip`, `switch_porta`, `data`, `id_tipo`, `sistema_operacional`, `socket`, `perifericos`, `setor`, `usuario`, `patrimonio`, `placa_mae`, `monitor`, `dominio`, `modelo_projetor`, `patrimonio_projetor`, `horas_projetor`) VALUES ('91', 'Comunicação | Lorrayne', 'ctg-dir-002', '10.23.2.173', 'i5-4690t', '8', '', '64', '1000', '', '2-1-140', '10.23.2.173', '', '2018-05-09', '3', 'Windows 10 Education', '', '', '', '', '', '', '', '0', '', '', NULL);
INSERT INTO `d_salas` (`id_sala`, `sala`, `nome_maquina`, `ip`, `processador`, `memoria`, `memoria_tipo`, `sistema`, `hd`, `modelo_hd`, `ponto_rede`, `switch_ip`, `switch_porta`, `data`, `id_tipo`, `sistema_operacional`, `socket`, `perifericos`, `setor`, `usuario`, `patrimonio`, `placa_mae`, `monitor`, `dominio`, `modelo_projetor`, `patrimonio_projetor`, `horas_projetor`) VALUES ('92', 'Eliane', 'ctg-dir-003', '10.21.8.244', 'i3-2100', '4', '', '64', '500', '', '2-1-134', '', '', '2018-05-09', '1', 'Windows 10 pro for WorkStation', '', '', '', '', '', '', '', '0', '', '', NULL);
INSERT INTO `d_salas` (`id_sala`, `sala`, `nome_maquina`, `ip`, `processador`, `memoria`, `memoria_tipo`, `sistema`, `hd`, `modelo_hd`, `ponto_rede`, `switch_ip`, `switch_porta`, `data`, `id_tipo`, `sistema_operacional`, `socket`, `perifericos`, `setor`, `usuario`, `patrimonio`, `placa_mae`, `monitor`, `dominio`, `modelo_projetor`, `patrimonio_projetor`, `horas_projetor`) VALUES ('93', 'Teste2', 'teste', '10', 'i9-8500', '16', 'ddr4', '64', '120', '', '10', '10', '10', '2018-05-09', '1', 'Windows 10 pro', 'meia', 'Fone de ouvido', 'TESTE', 'teste.teste', '7895346', 'giga', '1024X720', '0', '', '', NULL);
INSERT INTO `d_salas` (`id_sala`, `sala`, `nome_maquina`, `ip`, `processador`, `memoria`, `memoria_tipo`, `sistema`, `hd`, `modelo_hd`, `ponto_rede`, `switch_ip`, `switch_porta`, `data`, `id_tipo`, `sistema_operacional`, `socket`, `perifericos`, `setor`, `usuario`, `patrimonio`, `placa_mae`, `monitor`, `dominio`, `modelo_projetor`, `patrimonio_projetor`, `horas_projetor`) VALUES ('94', '205', 't', '10', 'p', '0', '', '64', '0', '', '', '', '', '2018-06-07', '0', 'n', '', '', '', '', '', '', '', '0', 's18+', '', NULL);
INSERT INTO `d_salas` (`id_sala`, `sala`, `nome_maquina`, `ip`, `processador`, `memoria`, `memoria_tipo`, `sistema`, `hd`, `modelo_hd`, `ponto_rede`, `switch_ip`, `switch_porta`, `data`, `id_tipo`, `sistema_operacional`, `socket`, `perifericos`, `setor`, `usuario`, `patrimonio`, `placa_mae`, `monitor`, `dominio`, `modelo_projetor`, `patrimonio_projetor`, `horas_projetor`) VALUES ('95', 'Débora', '', '', '', '0', '', '0', '0', '', '', '', '', '2018-05-10', '0', '', '', '', 'Almoxerifado', '', '', '', '', '0', '', '', NULL);
INSERT INTO `d_salas` (`id_sala`, `sala`, `nome_maquina`, `ip`, `processador`, `memoria`, `memoria_tipo`, `sistema`, `hd`, `modelo_hd`, `ponto_rede`, `switch_ip`, `switch_porta`, `data`, `id_tipo`, `sistema_operacional`, `socket`, `perifericos`, `setor`, `usuario`, `patrimonio`, `placa_mae`, `monitor`, `dominio`, `modelo_projetor`, `patrimonio_projetor`, `horas_projetor`) VALUES ('96', 'Financeiro | Gleiferson', 'CSA-FIN-001', '10.21.1.214', 'i3-7100', '4', '', '64', '500', '', '1-2-055', '', '', '2018-06-04', '1', 'Windows 10 Pro', '', '', 'Financeiro', 'gleiferson.santos', '015610', '', '', '1', '', '', NULL);
INSERT INTO `d_salas` (`id_sala`, `sala`, `nome_maquina`, `ip`, `processador`, `memoria`, `memoria_tipo`, `sistema`, `hd`, `modelo_hd`, `ponto_rede`, `switch_ip`, `switch_porta`, `data`, `id_tipo`, `sistema_operacional`, `socket`, `perifericos`, `setor`, `usuario`, `patrimonio`, `placa_mae`, `monitor`, `dominio`, `modelo_projetor`, `patrimonio_projetor`, `horas_projetor`) VALUES ('97', 'Detec - Lucas', '', '10.21.0.20', '', '0', '', '0', '0', '', 'pt-2-3-002', '10.29.0.9', '23', '2018-07-23', '0', '', '', '', 'Detec', 'lucas.assuncao', '', '', '', '1', '', '', NULL);
INSERT INTO `d_salas` (`id_sala`, `sala`, `nome_maquina`, `ip`, `processador`, `memoria`, `memoria_tipo`, `sistema`, `hd`, `modelo_hd`, `ponto_rede`, `switch_ip`, `switch_porta`, `data`, `id_tipo`, `sistema_operacional`, `socket`, `perifericos`, `setor`, `usuario`, `patrimonio`, `placa_mae`, `monitor`, `dominio`, `modelo_projetor`, `patrimonio_projetor`, `horas_projetor`) VALUES ('98', 'Arquivos', '', '10.21.3.44', '', '0', '', '0', '0', '', 'pt-1-2-076', '10.29.0.6', '1', '2018-06-28', '0', '', '', '', '', '', '', '', '', '0', '', '', NULL);
INSERT INTO `d_salas` (`id_sala`, `sala`, `nome_maquina`, `ip`, `processador`, `memoria`, `memoria_tipo`, `sistema`, `hd`, `modelo_hd`, `ponto_rede`, `switch_ip`, `switch_porta`, `data`, `id_tipo`, `sistema_operacional`, `socket`, `perifericos`, `setor`, `usuario`, `patrimonio`, `placa_mae`, `monitor`, `dominio`, `modelo_projetor`, `patrimonio_projetor`, `horas_projetor`) VALUES ('99', '211', '', '', '', '0', '', '0', '0', '', '', '', '', '2018-07-03', '0', '', '', '', '', '', '', '', '', '0', '', '', NULL);
INSERT INTO `d_salas` (`id_sala`, `sala`, `nome_maquina`, `ip`, `processador`, `memoria`, `memoria_tipo`, `sistema`, `hd`, `modelo_hd`, `ponto_rede`, `switch_ip`, `switch_porta`, `data`, `id_tipo`, `sistema_operacional`, `socket`, `perifericos`, `setor`, `usuario`, `patrimonio`, `placa_mae`, `monitor`, `dominio`, `modelo_projetor`, `patrimonio_projetor`, `horas_projetor`) VALUES ('100', 'ANALISTAS | Claudimar', '', '', '', '0', '', '0', '0', '', '', '', '', '2018-07-03', '0', '', '', '', '', '', '', '', '', '0', '', '', NULL);


#
# TABLE STRUCTURE FOR: d_usuarios
#

DROP TABLE IF EXISTS `d_usuarios`;

CREATE TABLE `d_usuarios` (
  `id_usuario` int(11) NOT NULL AUTO_INCREMENT,
  `usuario` varchar(50) NOT NULL,
  `password` varchar(50) NOT NULL,
  `admin` int(11) NOT NULL,
  `nome` varchar(255) NOT NULL,
  `setor` varchar(20) NOT NULL,
  `jornada_diaria` varchar(8) NOT NULL,
  `entrada` varchar(15) NOT NULL,
  `saida` varchar(15) NOT NULL,
  PRIMARY KEY (`id_usuario`)
) ENGINE=InnoDB AUTO_INCREMENT=9 DEFAULT CHARSET=latin1;

INSERT INTO `d_usuarios` (`id_usuario`, `usuario`, `password`, `admin`, `nome`, `setor`, `jornada_diaria`, `entrada`, `saida`) VALUES ('1', 'Detec', 'salas', '0', '', '', '', '', '');
INSERT INTO `d_usuarios` (`id_usuario`, `usuario`, `password`, `admin`, `nome`, `setor`, `jornada_diaria`, `entrada`, `saida`) VALUES ('2', 'lucas', 'salas', '1', 'Lucas de Sousa Assunção', 'detec', '09:00', '13:00', '22:00');
INSERT INTO `d_usuarios` (`id_usuario`, `usuario`, `password`, `admin`, `nome`, `setor`, `jornada_diaria`, `entrada`, `saida`) VALUES ('3', 'bruno', 'salas', '0', 'Bruno', '', '', '', '');
INSERT INTO `d_usuarios` (`id_usuario`, `usuario`, `password`, `admin`, `nome`, `setor`, `jornada_diaria`, `entrada`, `saida`) VALUES ('4', ' flavio', 'salas', '0', 'Flávio Luiz Almeida', '', '', '', '');
INSERT INTO `d_usuarios` (`id_usuario`, `usuario`, `password`, `admin`, `nome`, `setor`, `jornada_diaria`, `entrada`, `saida`) VALUES ('5', 'Valquiria', 'salas', '0', 'Valquíria dos Reis', '', '', '', '');
INSERT INTO `d_usuarios` (`id_usuario`, `usuario`, `password`, `admin`, `nome`, `setor`, `jornada_diaria`, `entrada`, `saida`) VALUES ('6', 'Cinara', 'cinara', '0', 'Cinara Pedroso', '', '', '', '');
INSERT INTO `d_usuarios` (`id_usuario`, `usuario`, `password`, `admin`, `nome`, `setor`, `jornada_diaria`, `entrada`, `saida`) VALUES ('7', 'Adrielle', 'pontos', '0', 'Adrielle Karine Da Silva Macedo', 'supervisao', '', '', '');
INSERT INTO `d_usuarios` (`id_usuario`, `usuario`, `password`, `admin`, `nome`, `setor`, `jornada_diaria`, `entrada`, `saida`) VALUES ('8', 'Narla', 'salas', '0', 'Narla\r\n', 'detec', '', '', '');


#
# TABLE STRUCTURE FOR: d_utilidades
#

DROP TABLE IF EXISTS `d_utilidades`;

CREATE TABLE `d_utilidades` (
  `id_util` int(11) NOT NULL AUTO_INCREMENT,
  `desc_util` text NOT NULL,
  PRIMARY KEY (`id_util`)
) ENGINE=InnoDB AUTO_INCREMENT=7 DEFAULT CHARSET=latin1;

INSERT INTO `d_utilidades` (`id_util`, `desc_util`) VALUES ('1', 'Atalho para adaptador de rede: ncpa.cpl');
INSERT INTO `d_utilidades` (`id_util`, `desc_util`) VALUES ('2', 'windows - R8NR4-6GDVY-T72WF-XJQGG-WXCKM \r\n- 237TQ-D79BV-CYYT8-9KVKP-F7X9P');
INSERT INTO `d_utilidades` (`id_util`, `desc_util`) VALUES ('3', 'office 13 -GNKPW-DWM28-MX8GX-KPDB7-6XVT7');
INSERT INTO `d_utilidades` (`id_util`, `desc_util`) VALUES ('4', 'Win10: JRNMD-GBT37-BC8JC-7HP7H-HXMPF');
INSERT INTO `d_utilidades` (`id_util`, `desc_util`) VALUES ('5', 'Office 2016: 44TN6-RQB2C-Y83GK-PVQJ9-M983Y');
INSERT INTO `d_utilidades` (`id_util`, `desc_util`) VALUES ('6', 'Visio 2013: B6NQV-DBWJ8-CMVTQ-WDHJQ-2WDB4');


